0.0003338272120055885;0.9427278380820895;0.07202931234582052
0.00043817274622404145;0.1128918742152617;0.10428725640582837
0.0007995867160478509;0.26677879840364205;0.22446537930427582
0.0016240957873178141;0.9649303051595092;0.061939437328652966
0.0028290828029360338;0.5686748669484776;0.33944287434352394
0.0036026200712149237;0.4624684500470976;0.35069437808916337
0.005116174954215569;0.36689630110875904;0.3115170821880234
0.005444024591678254;0.15449931345592594;0.13849250894107
0.005515792019750498;0.433137163401243;0.3474374913904262
0.007857491022253749;0.7675045416306097;0.20692646804575354
0.011823863321897998;0.33268864379738894;0.30247380906586946
0.012099899581033413;0.26943861248606227;0.24785067393889068
0.0124352631295358;0.29321757868797294;0.2700589303089983
0.012842180148827653;0.9997061557771634;0.051740201245438606
0.014543905180241623;0.1598251212307722;0.15314334675523902
0.017780971121901357;0.7188058257522669;0.2702040691681544
0.01795013750973573;0.9046633578618919;0.10706872412495388
0.018296955705028206;0.15721372955368762;0.15542214548147507
0.018564018927615833;0.44134760700987097;0.38788204210802735
0.019946682537383076;0.9644155794576111;0.07176542329925892
0.02047270060368267;0.8655652178232804;0.13890525194498712
0.022084792232657913;0.4534206573098972;0.4025769613753642
0.02236668250977536;0.4745907161850883;0.4083943261694258
0.02240553220841035;0.8280537106708347;0.17359781796344992
0.02316028181777874;0.7300945820181691;0.270402034108425
0.02550208825438971;0.5087837570772633;0.4201717489233237
0.026315891054805807;0.10852551771433905;0.12414319429275367
0.027638409739666248;0.7676486595713015;0.24089874968480196
0.027789643994997393;0.003964527226340997;0.05975162877467671
0.028271047344165634;0.4183109993599874;0.40701765139290336
0.028814934367984768;0.41822158950278154;0.4086431735038666
0.02960865498454268;0.7730555508772796;0.23885295801645343
0.030988478866768476;0.6072933243146671;0.3996533792768205
0.03114068077226395;0.3237523507770066;0.342177146144968
0.03445201943676102;0.6278670180029134;0.39456652719727664
0.03577616634252667;0.35690171156613226;0.38553031641179575
0.03670157824855269;0.11778246684452542;0.14210718159131228
0.03867998406990503;0.15832071191665764;0.1823594593844185
0.04108375148574828;0.28817063881591953;0.3298574276008336
0.04192696384193939;0.032166894770751187;0.08250650744775559
0.04273156773667619;0.03820092665710373;0.08680328864234846
0.04379243707152747;0.9643566268577869;0.08583678084156654
0.04386275459574995;0.20641184980603422;0.2418760551563971
0.044795465361781694;0.06260925063200462;0.10503485494275086
0.045157998661672805;0.8611512657979136;0.17139572617676266
0.045221385010867254;0.39848043200100913;0.44828466524001415
0.045946497946510845;0.30672175481690145;0.36296210414042435
0.047806999971622854;0.0852116342724748;0.1252414850313045
0.047871821520834024;0.44545047458328424;0.48458972777397613
0.049577467509232864;0.5837346353101974;0.4750078638660858
0.051315712624978804;0.14052554775618742;0.18093740855773902
0.05151685812017104;0.7827856335156614;0.2687087798098208
0.05187496524100821;0.48414577115463076;0.5097537204534036
0.05195565056408358;0.8949975506867278;0.14669161146204157
0.05377366047335197;0.20973730841340765;0.2638824991513246
0.05384444171165281;0.17344494141520939;0.22072620167292645
0.05700417526046109;0.04763238562213579;0.10307046294687064
0.05806225844235802;0.8124808372280304;0.24440850016785318
0.05808819796076925;0.8188609363254414;0.23670159023297696
0.05808906728119512;0.35370043808854046;0.4498689241364694
0.06047850068311866;0.9652187251727015;0.09612083038808496
0.062469398605664916;0.6128245223979556;0.4972872041409901
0.06260403432708384;0.5922431829885693;0.5148495129270927
0.06408153723780219;0.8171869106279191;0.24898867044469755
0.06466340357863043;0.6610387256047103;0.4543444215459208
0.06578073275644647;0.12083883347984004;0.17839325959143626
0.06595633996692007;0.13235186658084586;0.1913290162494218
0.06670354252179589;0.6402432563188558;0.48451820563939296
0.0671308389451577;0.9242770220793844;0.13474354678413056
0.06826052452454079;0.28108359884365874;0.39067656250023053
0.06849467400758658;0.1558461775409712;0.22259574770998683
0.06876124742930745;0.1747028289877961;0.24670321249382055
0.0709565722328922;0.6833299790993134;0.44628679418003936
0.07119203494954385;0.0394511347568397;0.10719125935798322
0.07142316667975224;0.13144748112486815;0.1976295749647511
0.07156149142916624;0.17481225662666944;0.25164363561469716
0.0719818688362559;0.08200447966766289;0.14534478243929783
0.07301309733976724;0.28875724450156015;0.4144433938951341
0.07469946644598224;0.2877571628771698;0.4178181996306294
0.07540006849530034;0.4582735758441825;0.5936306735922755
0.07555981527351996;0.6246611141928514;0.5321620373190692
0.07684700986849202;0.9414524805880082;0.12786269200270794
0.0775066383176366;0.07439551107591691;0.14335848215851682
0.07755949963930864;0.7773336158123908;0.3301369764123441
0.07908761090513672;0.33578691338433586;0.49740347513113997
0.08056446717326604;0.620079240670668;0.5554093519252336
0.08060525563052412;0.9816170958050042;0.09748427726712601
0.0814054839884063;0.7591347801400318;0.36631342152263624
0.08170015889974214;0.044126013888998616;0.11911627877540601
0.08246288801671708;0.6676892494610587;0.5041185913384701
0.08486075412899508;0.20104853493367691;0.31380330090857494
0.08827359298368931;0.11860750048454105;0.2049233386600451
0.08864126933318783;0.13349913021968984;0.22456288785897147
0.08933180654330253;0.49333789980005693;0.6604523276770473
0.08939075015608389;0.03983637137927398;0.12146944692383374
0.08978613243207378;0.3866685140118912;0.5979525433900899
0.09059682601780628;0.9608734016227727;0.12179568470445032
0.093674940736304;0.27035136250499325;0.4457501222057894
0.0942155804693322;0.5165744303594926;0.6806044359890531
0.09441792403726834;0.19333262478938595;0.32186536594523263
0.09447823587594306;0.561165871978635;0.6631184383169383
0.09461256006952345;0.6013656743993097;0.6298962502077617
0.09609668538481808;0.352694272689286;0.5804316297349744
0.09644579068235015;0.7972744880024771;0.3412590840977556
0.09858887079185052;0.6365457842372626;0.6044154351545263
0.10097749901867892;0.43981299269892926;0.692103477026929
0.10171118475472574;0.23976260603786848;0.4163836547662815
0.10257063244473885;0.8491761256044428;0.27136760662834863
0.10274882538757846;0.3459698999953289;0.5959738530046267
0.10286492404557135;0.05373277381267605;0.14656973016418945
0.10379355333552587;0.7183174473844897;0.49538264548564687
0.10493828218792256;0.19971859021292793;0.355144748014585
0.10645828449006545;0.23051449236450172;0.4126033704601948
0.1065159781290802;0.1167622024934234;0.2278892705650768
0.10714813949150892;0.260935676100129;0.4689950681311195
0.1099577074525443;0.6353629657105901;0.651200742649163
0.11024007578374961;0.8471196234712542;0.28807713744418173
0.11607056622397316;0.5878605815537212;0.7361961560030924
0.11934707593056382;0.21829154235888604;0.42344198068319927
0.11960814368313;0.19367660071375448;0.3777418479558456
0.12121887213418803;0.7127161319712232;0.5626628311498822
0.12185787124197556;0.4304817247976638;0.7804516993365771
0.12252873827725885;0.8158218003500701;0.3667363622023027
0.12301955062377068;0.45468008279752525;0.8036161276220047
0.12311229984553917;0.14638744590309494;0.3005991108122234
0.12423065228036678;0.9963807247875351;0.11462839194447115
0.12583851673946445;0.8827348321272825;0.2573931793550434
0.12621467949398213;0.7892214749306673;0.42647370656774064
0.1268181473194473;0.3682332833186853;0.7273804331298369
0.12682171143650078;0.33432227252737357;0.671005799045587
0.12742914582117215;0.5952857117849834;0.7800512859821417
0.13087034709152634;0.2069767375424455;0.4307432783812205
0.1315270733898134;0.021588259242358854;0.13772599998881732
0.136251418849067;0.035923100813622155;0.15775193153582115
0.13671177832743187;0.9690130417894276;0.15245270424025958
0.13730877039580902;0.2407456762164245;0.5192601839414399
0.13736914629951813;0.4182463417574832;0.8430182117601723
0.1378459688834892;0.4633224240611118;0.8822369230448038
0.13847746807075534;0.9699454656165903;0.1529465755255627
0.13953898372218698;0.20457491773552305;0.44800390411369834
0.1395841340798356;0.28343276439757126;0.6189714960655045
0.14358617108378302;0.0459498584337511;0.17713783296021435
0.14473858349514312;0.36822696879275807;0.8074397895789928
0.14512948759944044;0.3609895248650625;0.7966464605928011
0.14883499279501144;0.05077099588579359;0.188949248289486
0.1514649889660139;0.27703193721709063;0.64738142365402
0.1518509520808493;0.024822769814607737;0.1586114748685451
0.1518692394006116;0.48430358258807504;0.9638500212127464
0.153673761913662;0.6162664345257445;0.8754945782306781
0.15463358476614986;0.8928495169047205;0.28531599064668156
0.15758367093489312;0.11456576220128978;0.3036874301589532
0.1581554203805452;0.26502776373517356;0.6428488247673597
0.15837536166788402;0.649786463308119;0.836578123996852
0.15984904302577374;0.6891264061446597;0.7580089299875267
0.159969620657762;0.8809606075209796;0.3162249375177176
0.16121520678150614;0.4082073069122003;0.9503769143429588
0.16124841622034547;0.7165256406440839;0.6988100963327009
0.16245291726151234;0.48857444883509904;1.0224104703618586
0.16364856582683396;0.04040954479768777;0.19011355367232058
0.164784062576388;0.7819533486135024;0.5486867033880168
0.16536120187416836;0.9035678477621459;0.28249641808042913
0.16585200617281515;0.8882026525210507;0.3121917196624107
0.1660493592874439;0.9109091435828627;0.27029449778366854
0.1710914879672677;0.6119342729463216;0.9695055592733993
0.1716221294024235;0.19388970689622764;0.5078482260266027
0.17184520597125041;0.8529666815907969;0.39714384997147223
0.17274232325807526;0.03475571599624805;0.19134312619300245
0.17305735184623283;0.6475370673370626;0.9097751521682317
0.17434030501125075;0.30250966922363576;0.7979241902816404
0.17515412083403115;0.8735384295127357;0.35853292848286855
0.17584162804346637;0.610737484455552;0.9959882001028671
0.17592557988512203;0.9405608327021362;0.23264700810533198
0.17642134335130955;0.5499839673813292;1.0801493337416463
0.17645377284048847;0.13594312709987488;0.3817287936871102
0.1776802506250661;0.18330510870618;0.49719461789194275
0.17829257069359605;0.7311652027999939;0.7256028063067222
0.17926625450611855;0.4677122314211444;1.1089466178791776
0.1801335565290888;0.6400775993460183;0.9600417094236597
0.18239173445632872;0.6964830433098695;0.834324288248854
0.18640111157377104;0.2710435404739543;0.7623031790807464
0.18659271330317528;0.8920067208636002;0.33944765834949997
0.1881473232824632;0.6451692922625513;0.9881724348080311
0.1889501899871605;0.7721405248524531;0.649347062119023
0.18925822747804744;0.889933076798272;0.34848699284281254
0.18944650243035932;0.14619200543839095;0.4324550368231314
0.19017598233917787;0.16538165165383278;0.4824050177793138
0.19037109577223155;0.651735498889137;0.9836962645464896
0.19066618245585387;0.2382362218244184;0.6845799543750387
0.19328538275658025;0.34765099052157644;0.9964453715747736
0.19331640725801247;0.9761211364335928;0.19568331914176576
0.19363782666111884;0.7548564779072567;0.7147909269965232
0.19369854182325918;0.7353136304092784;0.7719518914526565
0.1948844204820478;0.7202077031214152;0.820383029041215
0.19492417486518554;0.5661579000331002;1.1678058441708281
0.19605680625262023;0.6560464589648793;1.000856323219307
0.19824589273290139;0.17000489806644226;0.5143214537571178
0.19832533877479042;0.4987692391391112;1.229538293589226
0.19901332250958448;0.1883735251387011;0.5672695660736401
0.1996508144093494;0.977336865800802;0.19993373785201302
0.20046635252502265;0.3986316330222194;1.144243867902384
0.20061800510849714;0.8048803944023827;0.5909987277894323
0.20182231203446244;0.46546565784349714;1.2384879256423473
0.2023840603755359;0.27356902406563044;0.8318873705840395
0.2027744691683423;0.19211480195421693;0.5883820277462142
0.20327099860220676;0.8346618721691117;0.5139333476316729
0.20380719817779225;0.63995120658997;1.0791562946888358
0.20392540218116617;0.35277490335524175;1.0618667916755749
0.20400980580201933;0.41513982647772907;1.1927005466565703
0.20623664404794317;0.7987232116839795;0.625284785540115
0.20681780267087002;0.7770591752767181;0.6927895236118792
0.20713308082428505;0.7775204837936716;0.6923957772938603
0.2107321344717884;0.27835831134951705;0.8801210417106058
0.21229794517738432;0.699107673437912;0.9563617404235092
0.21265266633398294;0.7997225364609404;0.6411415264169505
0.21291082025496144;0.9154905655626281;0.3309760701772878
0.21325222053433202;0.9861918940467361;0.19906116909728536
0.2143953519111984;0.8970588189796092;0.37565124343440687
0.21524681130281198;0.7902061275525093;0.67860222779624
0.21566704514931312;0.41038443331318863;1.2506985356862292
0.21626721870098498;0.3731796208712297;1.1758720680206525
0.2165365795373344;0.15391655962546036;0.5136103311174944
0.21875686535097483;0.8761688210237545;0.43600838430944955
0.21936258097793804;0.2223081714652675;0.7317991083057888
0.22154226003993605;0.7738728033717138;0.751526695750704
0.222202829368492;0.6110307058244048;1.2444814917233495
0.22306034247232698;0.8935838252115151;0.3992694585936856
0.22315384155229445;0.6044623418667349;1.26397592050037
0.22354151079690587;0.8580343698915571;0.49547836240055815
0.22433248194083677;0.3089941898102164;1.0355215941939158
0.22529770037171937;0.012366927838144859;0.20778169866529
0.22809359924437267;0.4479956239719911;1.3793485033132429
0.2285246443508714;0.7538764294240237;0.8432386834379098
0.22908100587688052;0.5583680067430467;1.3775137600302678
0.2301563808585485;0.492505912957536;1.4215356554566911
0.23175178420727183;0.8222392704024098;0.6239716367991767
0.2325087147586039;0.6496292232237842;1.2010398447383837
0.23353815748127316;0.822771815904405;0.6270325577538329
0.2347956425168981;0.46340744938460643;1.4352409261719468
0.23518952750943212;0.13648887837338064;0.5048935221000015
0.23753136872931802;0.698202824851332;1.0717775356403239
0.23764051285553012;0.12727898495774725;0.48320417670282784
0.2384093091357482;0.1722668720543904;0.6237548316785568
0.23955300433058324;0.9222704547262914;0.35542247023140894
0.23980261338589237;0.8575729680454034;0.5327104735542758
0.24028673981981763;0.798035602362889;0.7294255835148191
0.24074947058289575;0.20194159557164826;0.7307487834439023
0.24117123236848426;0.34236403288542905;1.2213786029317362
0.2413842520507894;0.14731042176120557;0.5513063177865776
0.24162933984265655;0.19569455802304048;0.7116664513466007
0.2429704493281709;0.3822866839386716;1.34359215272806
0.24356593867552911;0.8497284263375371;0.5656184503217175
0.24617935082491615;0.060475118665306415;0.32428105346211866
0.24620800969086132;0.4186200547615543;1.4426000809101125
0.2477636824934234;0.4671116403761507;1.5175136262015998
0.24819235848228294;0.22029071620598917;0.820006248764999
0.25108432264367986;0.5766447574238946;1.480003110755811
0.251404756918455;0.9076598037812145;0.410993767767642
0.25179642013594306;0.48204693772927254;1.5516098732174073
0.25388150448935853;0.9663859872340126;0.275268039332291
0.2560894925541609;0.23330930988170495;0.8956384859965215
0.2572094149458839;0.9027813075215201;0.4339921887971774
0.2576108968122902;0.915587370376018;0.39971197159946725
0.26054972413793875;0.3005958212723062;1.171077150807208
0.26076053263339605;0.7750415885513086;0.8795406208262624
0.2618344925772259;0.5937390657055173;1.5077720307392608
0.2630378438595168;0.7059524980177782;1.157394891956877
0.26405900762229173;0.8152811623456776;0.7364961651989359
0.2651036794630929;0.21535066002354075;0.8565003356126598
0.2659632231529254;0.4642761594590481;1.6263144973556902
0.26729331488626795;0.31028832525893413;1.2380880434146198
0.2673724189819632;0.9493104841270716;0.32848885619229107
0.2678309592956122;0.7678344637104019;0.9320298364313175
0.2678722692777309;0.8993063619868298;0.4621253164671705
0.2704609553978693;0.5907285227709055;1.5641662792095257
0.2717363714352248;0.5424749033420702;1.6544099895995452
0.2738795798808824;0.9406667564667697;0.3577827138614624
0.27481896597596656;0.1573109047362774;0.6633670268708857
0.27550550383645056;0.6772646028239658;1.3233250016832419
0.2767129459632798;0.8100126165799714;0.7921474013389667
0.2769800518341625;0.9931575044423165;0.24443004735002652
0.27746917418445427;0.17893599339387944;0.751183840892401
0.27791721095847866;0.5179400482728388;1.7118433488045441
0.27862260345164236;0.06261277651358998;0.37239035855334074
0.2795083120432854;0.9549474211047368;0.32954634988850295
0.279999652597566;0.7763072324606755;0.9387040166415659
0.2805698501911059;0.9492179897075692;0.3447762967273005
0.28288120268015815;0.43584311064187353;1.689881193934185
0.2829060367343955;0.9507199505488451;0.3438621440934149
0.2832329046544996;0.07231128080677329;0.404730746118983
0.28371935511266766;0.6191254670757371;1.5635612964108847
0.28554169937691876;0.7955957583804572;0.8761288894453875
0.28582028448720576;0.46486633734487937;1.7469179389937897
0.28611284040638096;0.37398283855274783;1.5553293435247728
0.28773379567953605;0.4759784531172876;1.767630317898249
0.287918799276326;0.4337909230025979;1.715689490692409
0.2890939077280582;0.9856874553794738;0.27028513633244045
0.2905733938420614;0.49333622048547043;1.7922653551418197
0.2917988385952567;0.4963591832990889;1.8000668850595252
0.2937671631698905;0.8568963157397412;0.6540679397083561
0.29450645290588484;0.48639320876461656;1.813773922239421
0.29575699479338613;0.8130205821220349;0.8328805335291929
0.29613212878518114;0.1439913190444062;0.6625079886831547
0.29739267918581436;0.9764722028366226;0.2982294159864617
0.29800909874426884;0.06271756063530765;0.39795418559087126
0.29849389540698457;0.6031276345058333;1.6901064283958498
0.30016283886401207;0.21244995203181338;0.9548054155347081
0.300436457232774;0.23664969888624543;1.0631962977584581
0.3005483245359587;0.3027906984005575;1.3570752329653812
0.30267259339697883;0.45832181998579;1.839162393665869
0.30685747395811547;0.39093631634891157;1.7179303409950226
0.30725571088341674;0.4127801750074931;1.7800658979878174
0.30879356661463064;0.5740532538796856;1.8191354835640845
0.30882065676020276;0.15635103867165168;0.7390116871077882
0.30909099383745353;0.8232660916415988;0.824592411592501
0.3116479608787528;0.06627798344812197;0.4257007814645038
0.31191515591187147;0.02279932720722233;0.31034848438980855
0.3133420255734559;0.7985515455340605;0.9445164814880558
0.3139270197161472;0.047991007507155126;0.3765250837488711
0.31425203737356555;0.07658906613133198;0.4604636600642355
0.31433131698741945;0.7643125743568755;1.10521477357795
0.3164686383043578;0.7125718675500913;1.3549264589670265
0.31658997077106443;0.12914525862200021;0.64747948561127
0.316826373542505;0.41886824827345936;1.8471282713468293
0.3175991677648732;0.15243862110184114;0.7424200062623307
0.31821740485453087;0.045209061628789016;0.3736910022128005
0.3186303447601715;0.7265796621730366;1.2980268381543731
0.31936165639830094;0.8059106648712969;0.9277613802062082
0.31955550117399256;0.02711430538634574;0.32800149168637444
0.32008107331916624;0.24451940625672497;1.1660038900657554
0.3208403953792923;0.45908324892850993;1.9435824624166995
0.32239711039576013;0.9623991847386865;0.35767351293993277
0.32241641136301435;0.5028237201889416;1.9785424179038476
0.32314654693340406;0.030495464462655164;0.33994155738756227
0.32591871457915145;0.9860125633896337;0.30198184182558935
0.3259840016189115;0.9954820146589703;0.280393781724375
0.3282886059495338;0.28421651893456734;1.3858769933612882
0.3284016796415493;0.7010809248427805;1.4559745653176637
0.32880629628213265;0.3293682744932368;1.5957309327205003
0.3303438204760878;0.8225202039978612;0.880110022224885
0.3308583023664301;0.15548351706011343;0.7837285848727361
0.33284006386626785;0.9420981457655647;0.4263758425916345
0.3329838179482113;0.3103424193496399;1.5277505611657705
0.33318744419400204;0.10864700108505332;0.598602724306609
0.33461047041001324;0.30755462032045777;1.5213533347912267
0.33752375894558173;0.44525631519685294;2.0128436155186376
0.33854428466337183;0.3087310050096985;1.5426434088147503
0.33855108372718745;0.6051331162171547;1.8922410328258632
0.3391338397018666;0.05460113615677842;0.4234359992424612
0.3391436808667332;0.6996904623062927;1.5048652611242201
0.34054142784577823;0.07163527032956163;0.47870278390775467
0.3440020579518265;0.09005922313621695;0.5464116050496828
0.3442625190304245;0.9954581697229737;0.2943010571808383
0.3442954419662474;0.1387740623079764;0.738515607040051
0.3446373088251563;0.6927332847654996;1.55961996110412
0.34641921909031503;0.670811649156216;1.6696303419686314
0.3464952436467721;0.8891636782564543;0.6278933362050291
0.352486196211086;0.9111500378946001;0.5533714783372574
0.3539689808570171;0.043514394992052785;0.4053835296393555
0.3555950739236019;0.9158270653493725;0.5404204713389956
0.35569347012507513;0.11841300267357113;0.6725004940129233
0.3560218989366042;0.047211985786483335;0.41842325818526627
0.35747960455555894;0.4804112692454523;2.1579213144376226
0.3592899861727551;0.03779620893185054;0.39347349756683836
0.3601236403306831;0.15820522666378511;0.8552163092534243
0.3605417951162283;0.6877776211488229;1.6438473647878369
0.3611945202144228;0.5125491733670611;2.179980892958887
0.36129695965463937;0.41635020409239365;2.0643699724604243
0.36202561545102196;0.21541019261994332;1.1439478906398086
0.3625312518468794;0.4104337282295111;2.053105378539076
0.36261460646070054;0.671632421571442;1.729880238635232
0.3649486774632694;0.8579910982878853;0.7894172740020452
0.36506407815395037;0.6624505557680087;1.7823426013868995
0.36517030390350946;0.19721833666174304;1.0574553353848215
0.36675467836612063;0.014182327919116666;0.3343812887216738
0.3668134783147792;0.13705936840783295;0.7702772553030274
0.3670559317650224;0.9832154633396765;0.34141421965278435
0.36738748892288786;0.06049692664782369;0.4717620363464519
0.36764073865941016;0.9369666513596188;0.48048514254395397
0.36800291003143637;0.14341144503889092;0.8009815399092272
0.3685077151547349;0.6014997921872873;2.042086798657343
0.3708384781250942;0.8749825639865694;0.7235068099940082
0.37096998647293344;0.3967721378932314;2.046792162069096
0.3712219180479098;0.5558863487266668;2.175057343255709
0.37190211301329446;0.9507755731614537;0.4394858173930393
0.3725437006877842;0.6667689708455247;1.790071696319864
0.3729630937712244;0.42654304433529444;2.14349410481915
0.37356459985286095;0.17453376816907695;0.9602114369479322
0.37376239836932;0.04920194219779028;0.44108092717425135
0.37474670287715495;0.5655534952940863;2.170215480402458
0.3777201822192826;0.5829368550198498;2.138414464039633
0.37951074270155716;0.029137690843921815;0.38476591344618416
0.3809092606723077;0.7730209796242274;1.2522315250735905
0.3811187083402344;0.9943318090322328;0.3219812594517782
0.3819625472838024;0.16467253133018822;0.9265315730464325
0.38215798745783325;0.0025949447038696727;0.3148444486907975
0.38301086458639544;0.8636603948877977;0.7923349427242692
0.3839858116814471;0.7401427400896171;1.4415069158469678
0.3848567048237358;0.7075846184425908;1.6224167165034595
0.3877090953938386;0.5130087511661751;2.299022096107856
0.38791686442162343;0.5066566477183364;2.3021791569245122
0.38960744358634525;0.10417902507465171;0.6595652126292324
0.39071880924841473;0.5762583657317188;2.209242993253677
0.3950963835558827;0.8258545735823178;0.9972277307451669
0.39608754635655086;0.7987981374682713;1.1434919058051292
0.39630448007277586;0.3611872029173958;2.00278282899129
0.3980862034770555;0.16563402126670235;0.9581177642084218
0.4012441762674228;0.3501009720208055;1.967831559631219
0.4033052794621792;0.2076783982417243;1.1927926865919813
0.40371533914284086;0.11459264043697825;0.7205324013247902
0.4043047929870306;0.794610445044416;1.1818589261408805
0.40439953070482504;0.6630966014151606;1.9132283424032575
0.4055297522576492;0.19781988004324913;1.1420353154708218
0.4071350373849657;0.03531017322488905;0.4224126347230623
0.407542623510999;0.18722258171724748;1.0872885377112498
0.4106463564706059;0.019382102369360443;0.3763975270685386
0.4121158093422548;0.7970493029028495;1.1817735295363256
0.4130282167440593;0.9667344314433658;0.419568150912968
0.4131166174180242;0.2925779252560624;1.699154104692966
0.4133625879252939;0.3581113922593555;2.0413356222458803
0.41374560450467956;0.7190996749614905;1.6342038589685068
0.41405427336818956;0.05178552364153588;0.4811619254802071
0.4150321454242585;0.7790660488336977;1.289084773215805
0.4153867700048691;0.12136259400389249;0.7637660030591406
0.41755724555770635;0.053551987614657626;0.48958879780187575
0.41828678689471965;0.06643822624778184;0.5365952296363545
0.41866218226092033;0.26975646213506443;1.5804162113370457
0.4207532107681391;0.2908667211100521;1.7067268275641283
0.42094434781942536;0.5722892470694105;2.3231113927825744
0.42127051835562834;0.9190195852698511;0.5948212747520079
0.4224227732753044;0.6148345260321393;2.183807908493241
0.42440559427981994;0.8727163491713078;0.8006396781811175
0.42457106468759886;0.7839299497050584;1.2766835396273528
0.42534970117118576;0.8754706612478804;0.7884427978384142
0.42560723014136903;0.7247676840929461;1.6262443680261127
0.4283277697863943;0.27145479554297214;1.609225654431621
0.4294089018930808;0.0991201147449321;0.676521785632432
0.42954716713796526;0.1525327599892189;0.9315876288910189
0.4310761880588122;0.4442790886979274;2.391376547311778
0.43208662945189347;0.4546902561295255;2.414253345320013
0.43345135904571797;0.2741303395380127;1.634186381976212
0.43526562638200816;0.24612904313560935;1.470472298809699
0.4356652791048271;0.1922185814053493;1.1546125028008631
0.43569569392441665;0.5166555363131136;2.458157413710163
0.43582559962137823;0.32558766445660936;1.9317136764285454
0.4361746049711428;0.29643722971075614;1.7693633557089667
0.4364896672506422;0.575433049220726;2.3558980623160872
0.43722410840599546;0.9185015394149226;0.6077673291149875
0.43937395990407146;0.3968897131957244;2.2710758727576454
0.4420352456101436;0.42771427981227117;2.377454912653895
0.442526700576815;0.48200391173409807;2.4736513566835954
0.4427351466580969;0.26271045476732324;1.580951565167589
0.44273884243018413;0.5652091117386379;2.39758770382077
0.44306534614497306;0.693780365501011;1.8374386741286741
0.4444164089729813;0.3512440994590432;2.0812503179861777
0.44589453477797025;0.08954259064424319;0.6462881420860993
0.4468939775062776;0.4704558777234401;2.4723443190585543
0.4476678117079933;0.08275668368134415;0.6188245498680324
0.44895768468019814;0.23320507115988975;1.4111893221899543
0.4490918957595861;0.4461793074382864;2.4370913038811324
0.4498679860747945;0.6928389775268542;1.8535652288365279
0.45310594640738644;0.7775012187079294;1.35129558746498
0.4532271429292821;0.17058038118838914;1.0502957303831928
0.4561651821141378;0.4186978398011667;2.3784746901440923
0.4565790582163929;0.0940791366431748;0.6712958378978969
0.4585780210875302;0.8684802339487686;0.8476935829475787
0.4585919074819058;0.0015928767146112799;0.3442859663175319
0.45966934872431586;0.09412686836091222;0.6728957750542126
0.4610613788201783;0.4129881617129193;2.3679235835921992
0.46223965232589803;0.8400133331342097;0.9984335993944509
0.46352035889167664;0.2595690125147583;1.5866249134275026
0.4646156322920052;0.4805091424815606;2.5134494179320015
0.46624121623548265;0.004284448055511758;0.3533568396178403
0.46675410814201235;0.48462850054666395;2.5192949415158576
0.4680157794166693;0.0797855731413667;0.6150119481850387
0.468891954919071;0.3834610060939623;2.2666869574166038
0.4690800560335441;0.9868336367345536;0.3794651163118648
0.46978582304403516;0.46508259023254195;2.503412196511123
0.4701614125592788;0.726197669226601;1.6791132739006578
0.470637928685399;0.767270573459481;1.4281017722728242
0.4721318150952867;0.7441712605114323;1.5707319710546277
0.47256828675750595;0.9684155477401624;0.4375285412284816
0.47323181332728126;0.4792938113969917;2.523254153726935
0.47370009437381244;0.7712518441140408;1.405731309090281
0.4739355599173867;0.3889768724552177;2.2948505848148617
0.4754621412186538;0.8290972519529842;1.06551131697136
0.47565845760212533;0.6457003192044855;2.1385818152818805
0.4759709866063936;0.9627268312109709;0.4571076057580117
0.476614584833585;0.9277775529187827;0.586482503399763
0.47832316339108205;0.6803817733601639;1.9555117044252528
0.4787572030561712;0.2469594113526834;1.5202355476791038
0.47928582450344015;0.27935974377179273;1.7191363763440475
0.47986232364924974;0.9743628147510978;0.41949939620828586
0.48040529948587585;0.0835706808910247;0.6340249417722212
0.4815450487396604;0.19907059871594746;1.2306210215848103
0.4833249107295391;0.27073937254247615;1.668631291731812
0.4834050317593017;0.09217820235094665;0.6716348681878758
0.4838576274863289;0.26557813974887;1.6372175380464804
0.48473286339166244;0.22473252645627528;1.3863432375099267
0.48482194907515086;0.8265644122690017;1.0829774511868053
0.485329212385865;0.7311867864904329;1.6576669430163122
0.4875171720135446;0.7579062399791408;1.4938251707000356
0.4878223454980293;0.7377669194163363;1.6181126349889714
0.48937564363001185;0.9800741126694862;0.402540088228869
0.48962905116019717;0.29086569795205097;1.7931143221402166
0.49139738935382504;0.12285216934580989;0.8156219949859375
0.4919632050553058;0.3505452848665914;2.1286782351866336
0.49198414184480943;0.8930737067589026;0.7394431414723093
0.49216268251678863;0.7633829223769584;1.4611966993431311
0.49386537852408696;0.07483745321190005;0.5994786355010315
0.49461761457098097;0.5752536462437192;2.4331215101246038
0.4960954666927003;0.881969254496265;0.7924590882236494
0.49718432977613713;0.6646433440116157;2.0498954380523258
0.4976632770518933;0.7941737334673542;1.2742560140949202
0.497681890528084;0.008082877008650513;0.36744156478557677
0.4977395813262755;0.2740819232922381;1.6927576773826247
0.4987539101317656;0.694467617880254;1.881666835536997
0.4996129436355581;0.20647939674214333;1.2782292235656751
0.5008943209174866;0.21156732990223137;1.3088619457226662
0.5015709313834572;0.2043841626157794;1.2656453202982216
0.5035243716134461;0.8196509869808329;1.1243423179554741
0.5039034993732504;0.636598464080544;2.1931012417926725
0.5070947825332326;0.8523868170101583;0.9426098807516444
0.5075503954589397;0.17293459102251285;1.0816431650883502
0.5086550025532152;0.7747044046179626;1.3915417483549715
0.5119874202066236;0.5816422218518171;2.4114746558629876
0.5141221824543947;0.10315990380110018;0.7212710125420809
0.5148354753342065;0.6256726417988988;2.2402826076302813
0.5149644091671374;0.9035579254309986;0.6907676207391159
0.5155700984624964;0.3563310421288626;2.1546883080415076
0.5156307564816507;0.5701716189096111;2.443336791657416
0.5158394695147354;0.9224489752030546;0.60957057341825
0.5174812431139371;0.34581172374859515;2.1002884841030665
0.5185463165789234;0.8243532085282892;1.0945243637533038
0.5188877416547989;0.298248180962159;1.8335011021942302
0.5189636373035523;0.2760671067668997;1.7000661705170452
0.5191642870732989;0.8242361178655838;1.0949853844113655
0.5199084889503057;0.6505608476282803;2.1174072007320226
0.5249893194583122;0.884381536514766;0.7770291620109936
0.5260792748143178;0.08048924119466694;0.6196232872632582
0.5262890399703815;0.8828651013467356;0.7838773283747312
0.5263708465423638;0.8369423541324078;1.021127167549792
0.5268041239763549;0.9224051492482578;0.607474601083059
0.5268046736881489;0.620252686079333;2.2552888626883685
0.5276155978118797;0.5736712437445322;2.423447392076746
0.5282081196093992;0.1386894285236916;0.890460476482881
0.5303655543239951;0.2891587206903605;1.7712805511466727
0.5310863617000632;0.1455422787985039;0.9248336012482378
0.5316524001289997;0.46350580197990243;2.4993783687274758
0.5334592241373595;0.22587083404978303;1.3834509988889596
0.5340134188717994;0.2351445172383434;1.4394612915913891
0.5354558832453558;0.9455229709971787;0.5151634536675087
0.5377439969975942;0.8626596896327606;0.8790956041631856
0.5387436535623416;0.2573702970725762;1.5710586765081
0.5387729348347886;0.2417127658926993;1.4754847348533673
0.5388558752082122;0.3158896476311125;1.9183404220177327
0.540272230293512;0.9619582365450606;0.4558887525551179
0.5406940466634865;0.535216482782709;2.488156331439861
0.5428706997297753;0.2492061548121316;1.5171416307403818
0.5431308698207421;0.6213225462647147;2.2301663933072557
0.543957974303161;0.48681531873113537;2.5039326132402118
0.5470469749841165;0.26937432182006793;1.6347643826629359
0.5481040353329795;0.20692754435987792;1.2574274859347965
0.5496589905176915;0.3969799206826041;2.293498633351821
0.5516780178047737;0.7070647136460936;1.768868984504121
0.5517318996811946;0.5187355244545487;2.4855500453209247
0.552394155961933;0.47887997970371265;2.4822912707494784
0.5526551750311902;0.07194065739800093;0.5750218205392376
0.5532476586345231;0.04301400684442469;0.46829331735962026
0.5544341371197937;0.36449067564274673;2.147071536569266
0.5548095174129464;0.22789336215650902;1.374847493804178
0.5552691092319427;0.33982402632998854;2.0238942863946354
0.5559076166594155;0.4559054165239399;2.4452606063004123
0.5564805049788047;0.22325795707356766;1.345145263338872
0.5571328417725995;0.48667784172410644;2.4773229555725735
0.5584555725034762;0.4699978525382622;2.460031595001245
0.558946738334859;0.7603139636095417;1.4402360661047158
0.5599269970189792;0.5540298560320357;2.4172436255569276
0.5603237285486046;0.016363109909134477;0.38074055507088417
0.5634606300523237;0.8242928006178185;1.0630765171506027
0.5643605786030773;0.1209700844062469;0.7805659604318659
0.5645991012978786;0.3106160832759991;1.8485418912152205
0.5648375876138516;0.6921307523346416;1.8326564856330958
0.5676354932520478;0.08949549010420232;0.6376304184528885
0.5677533149273349;0.9069448990213304;0.6525642714337254
0.5701516167307812;0.8107454229152019;1.1307034015236808
0.572014122851126;0.07594242644928362;0.5796242554692916
0.5770677694032369;0.09663777670509544;0.6607283193183111
0.578137269266522;0.06840736748027876;0.5464516701395635
0.5789453585211018;0.43286570015203696;2.336832979384161
0.5793218178603857;0.26922418605554277;1.5814090273725854
0.5841920261225233;0.9582208980908742;0.4485541567898377
0.5856838303909153;0.06738872500376147;0.5372766090049217
0.5858063422875374;0.4632563170021925;2.3750275630033606
0.5863008884226252;0.2828869775955124;1.6454672609772252
0.5879984869780488;0.1545804642435168;0.921497274724446
0.5881110775932785;0.39612591811335895;2.195225030299284
0.5884868526112966;0.40657020017066137;2.230530057516331
0.5892952813473034;0.9791644637307966;0.38065333925680783
0.5914367283808556;0.818931531640165;1.0555771494764294
0.5918048066437583;0.40336593495987083;2.2090919206110735
0.5935154315827437;0.7141267026058055;1.64534256728569
0.5943543148170642;0.08429995286136505;0.5951377000867041
0.5947538309032259;0.7444173335394754;1.469565361449172
0.5947545628972201;0.4853499439189566;2.3659206920866565
0.5960254002673354;0.5967628046142299;2.1946889169625274
0.5965459340308636;0.39452738475601024;2.162244789138516
0.5982474240287043;0.1959878855060022;1.1253614569640573
0.6006995429740309;0.23663719098232439;1.3481168851724001
0.6017237054202667;0.09834436440388827;0.644881926280629
0.6017982068520419;0.6209113296123002;2.085173905018336
0.6032714002166703;0.7522489079724417;1.4054474283372143
0.6033230739166006;0.6607331405775089;1.9014661664862955
0.6068613927046828;0.2678434971589341;1.5101117630202063
0.6074766551636844;0.20490934778030356;1.1568188420506746
0.6078002853188377;0.15019370826090994;0.8718210533242228
0.6091418371011653;0.7905542523104102;1.1782637336169983
0.6098571726354054;0.5222924004401539;2.3029415943973466
0.6099506047573157;0.8528558362267981;0.8537991012241778
0.6121384371132194;0.6119818804501229;2.0829640238446543
0.6128738802941055;0.9303738940095544;0.5225754225668394
0.6146789754705518;0.9200645569018692;0.5587057453128018
0.6167257824279583;0.08281708247763031;0.567439976321625
0.6178688363177989;0.6269818398298644;2.0028517782262707
0.6181835694047728;0.531238276298599;2.259551106162156
0.619036883549628;0.8142964230711988;1.031584001246932
0.6190776263745925;0.5200907838078751;2.266069176707276
0.621771893034718;0.9573534426457766;0.4243091900720636
0.6229780648848392;0.09028418558467188;0.5890680493114863
0.6244527691634167;0.8926142394109408;0.6554955227427754
0.6266880528945057;0.501576678056246;2.239590119038021
0.6282403867730463;0.44580341257155864;2.180706094073145
0.6289546893018315;0.8895572539611296;0.6620847750719534
0.6289553631073408;0.9155578809685639;0.5599929699214717
0.6307051311149888;0.74448852356103;1.376912811755472
0.6317146676485023;0.21766054434127546;1.1713970316685804
0.6320904880175982;0.8409856391580006;0.8736799421880374
0.6321901460416428;0.2586812658151558;1.3896333375333605
0.6328739956774634;0.19836325776768393;1.0677886971960033
0.6341403964850686;0.8859397588927206;0.6697615724966539
0.6345144266932872;0.43722794379335106;2.1349344840842686
0.6346783973128508;0.02114490566761862;0.3517579011856754
0.6350312437262772;0.9672567846704404;0.3837411428024581
0.638034662340041;0.5966437174762356;2.0290405518107644
0.6397822320434458;0.1447100609555937;0.7933835936751971
0.6398589958778033;0.20721886299002956;1.0968703545511123
0.6398665673537326;0.3732239489879431;1.9148380802092124
0.6401811325172391;0.41446632284578955;2.0523337845158407
0.6405266140874774;0.5816280753717203;2.0614810487575235
0.6412391831819199;0.8605971228913902;0.7671149038390039
0.6416637711350668;0.30228973030801776;1.5863691595033533
0.6423879068097533;0.634565774182859;1.8732100194109906
0.6424982426749137;0.4494285449546783;2.1208265313549517
0.6449218028213222;0.3595851150988212;1.8385225831565424
0.6461674701412976;0.358748873845135;1.8297460305282585
0.6466289641124336;0.23794896773437613;1.2378119726561176
0.6467697226909526;0.11024298737346427;0.6357795550436416
0.6482199447613473;0.6545462143864123;1.7645261438151625
0.649294524964323;0.9654162299828635;0.37662799750847326
0.6497425806283543;0.9595700094142723;0.39285770116925006
0.6505818951381854;0.4662124102288092;2.1047139957539263
0.6507340384003809;0.20232429153288223;1.0450440460716033
0.6527727937980812;0.7350764007349532;1.357857554676791
0.6548938602388413;0.10606775309085203;0.6073280865451126
0.6563614005010262;0.9367834014053882;0.45515495268798734
0.6574617238805495;0.07986311078440644;0.508768618921101
0.6581511979498339;0.022240230024320073;0.3357400974172743
0.6588068404105042;0.9250353375491033;0.4905218032066174
0.6592893717510694;0.27081148756594975;1.3654824785928565
0.6593417545050286;0.2197190454487219;1.1086399459318173
0.6607211612121654;0.9265390686527156;0.48315232897180055
0.6614638155362081;0.046401883288866186;0.39857369539758913
0.6616832959610528;0.5827065318751004;1.9559124031992532
0.6620630644973056;0.7529753115379412;1.2369195993995583
0.6621678850001181;0.28160333383606706;1.4088129101546003
0.6622569645010619;0.6238627172807373;1.8245936299877894
0.6625913890596483;0.7489478407618899;1.2553617249418487
0.6637999451253536;0.3936120243208613;1.8767115480799383
0.6651280052196462;0.44306931360448476;1.9950014288161937
0.6661229094990442;0.29780088772642743;1.4723521724991604
0.6664824165406424;0.4804546799992039;2.0338373715126616
0.6667852684315417;0.9824946166855951;0.3165622445970614
0.6682974301517871;0.2226129925553555;1.0969910697751284
0.6697256806189452;0.4683908743893723;2.0062435801442606
0.6702690531213914;0.602838429553188;1.8555354588720943
0.6726957468652854;0.2407634966964891;1.1717432190632784
0.6729544605164121;0.4122203393826894;1.884690359680655
0.6729714857764824;0.8214019421873285;0.877186992624621
0.6732821416376765;0.24719649143279598;1.2010799848162106
0.673345518598693;0.922827141883022;0.47905492124172083
0.6745025839753825;0.4534994780146976;1.961685500550781
0.6757891321369183;0.973991301994862;0.32961006944151405
0.6761637357808545;0.6186610949562453;1.7749969733066646
0.6762628062574962;0.754135402248584;1.1846941256622245
0.676273483453496;0.8452050185219628;0.7655206331533844
0.6765730869899702;0.39714989573517934;1.823325558826216
0.6772131765620689;0.09433248674298855;0.5309680259989934
0.6773875827707985;0.48743954852256055;1.9772731531643502
0.6786355701694142;0.02048576986814643;0.3134721198382863
0.679777973216332;0.08017747675647835;0.48005389046496355
0.6798181662851326;0.9589394782968054;0.3645948705676735
0.6807982189733973;0.45884782100825106;1.9341339848921113
0.680849199326952;0.4539840670254066;1.9273007790722354
0.6811376269727972;0.20218596798259647;0.9633671871953234
0.6814360676172747;0.35557745753878456;1.6561511345165696
0.6849397438959263;0.38903072824808993;1.755189012707207
0.685471943447984;0.8727489088763603;0.6363407611403052
0.6860777410787785;0.6784136788026379;1.4963977558021309
0.6904661308259864;0.11197282543501241;0.5711931697714813
0.6909176273546114;0.9519980698903086;0.37109294983190483
0.6926500853609463;0.6905532910225571;1.415262121700635
0.6929764365944341;0.29243023931733125;1.3392513593489954
0.6939163019708761;0.4522126060799494;1.850793226598709
0.6969386367798841;0.4012997511757651;1.7271957328099876
0.6969607989696899;0.9953722833704538;0.26216364056845554
0.697978433662622;0.5406626927544761;1.8366078999916469
0.6979931516008777;0.9345476773982145;0.4108397183325976
0.698014817266686;0.4766862150555331;1.8527748836674096
0.6983527933729338;0.8194035983028268;0.8218574987406586
0.698950269591163;0.8635682245050147;0.6444275644056328
0.6990456233909292;0.32356614839279174;1.445893026883832
0.7013238929659492;0.5726104707822007;1.7652334237566554
0.7017968415211931;0.9950932940625963;0.25872151568821833
0.7022645206553164;0.5533655076383335;1.794346961612943
0.7026782941466969;0.8204063880609307;0.8063815191911934
0.7036155736764976;0.8031101740813539;0.8763681796236755
0.7036567583306589;0.2990782798369871;1.323059361591831
0.7037942887232537;0.5672043661731427;1.7617776790960569
0.7040038118607336;0.6006393663356145;1.6832811554044065
0.7047903088040259;0.583192079092136;1.7225947247656146
0.705773121527022;0.815897241013953;0.8168028690775243
0.7071911044273218;0.8260095409315429;0.7718451434787746
0.7095225879529301;0.8878035112300539;0.5381496650681643
0.710550249440079;0.7672638625633131;1.0086578821866257
0.7141813866583876;0.5759904944639381;1.6845961857549674
0.714531669819293;0.8991939495485494;0.4924681365306995
0.7155970287723733;0.8864698986151623;0.5315187336970599
0.7158149960759639;0.7056561854059935;1.2507545670321054
0.7164340501785119;0.7670832103795773;0.9893516405686726
0.7181385245901859;0.09277562487349844;0.4618028525620749
0.7182408565027459;0.8229076714804152;0.7554242023088011
0.7187908455548551;0.7293340625923738;1.1399715260217729
0.7192670572976669;0.8145288413795212;0.785574627075919
0.7210048819318604;0.3351776780785026;1.386295679100622
0.7221591694512401;0.12551356393201218;0.5587536262564952
0.7231458395971835;0.4075325296623955;1.596729165693275
0.7234265718449375;0.5237283778479198;1.7003802532921604
0.7234716669477528;0.2318582303222113;0.9607845384043382
0.7248219759242259;0.8752712236824824;0.5508594182744873
0.7277681371066239;0.34147534004800983;1.375262358472412
0.728580359902992;0.8834097304817995;0.5172110004555818
0.7289114812640818;0.9760598749172916;0.2731986452126651
0.7291189722378922;0.5489124940899459;1.6414962470942998
0.7302151788154726;0.8643380594088895;0.5762473145514341
0.7308184251290375;0.15137896846482035;0.6288902654589634
0.7318770116437542;0.37393078475720676;1.4585291426068134
0.732784485580172;0.8317061488701323;0.6845257395207438
0.7342014759770248;0.14984162068949958;0.6157106685024321
0.7342029384084825;0.2110939490186895;0.842122216199976
0.7355487306560905;0.3497125828513201;1.3636372218974455
0.7365453060584553;0.15145887774454292;0.6158418349017596
0.7370441967215751;0.7577316736786116;0.954838675735889
0.739509743527932;0.17603887733501278;0.6950203494130635
0.7395143436963149;0.471801202935655;1.599055770960781
0.739760034060812;0.7165424831882696;1.1048476897787305
0.7409682125835889;0.19877135287354641;0.77435615490477
0.7413309762952757;0.7276872789784826;1.0555421897039607
0.7418413430061102;0.030652281310824203;0.27376520008303495
0.7418617132859054;0.562115541720473;1.546305016694923
0.7446117171722542;0.9720491594283636;0.2653751608250703
0.7449547825315587;0.745542429272011;0.9727386991277724
0.7449648143900037;0.4085905726236362;1.4737410592895426
0.7472201005356947;0.43398610564896245;1.5081847223037823
0.7474345454874127;0.48489499098153677;1.557521118857097
0.7491875507506893;0.1328750238180817;0.5271396300620235
0.750321102930419;0.8854122197059133;0.47005093700823425
0.7510072003777668;0.1643042508760355;0.6244660282963135
0.751560437798907;0.2569053804365631;0.9566577996675522
0.7545417191043876;0.5470072723859725;1.489890001083705
0.7549694383662325;0.39873647600265016;1.3945920419894349
0.7551017171379536;0.16692229355338495;0.6228624935824003
0.7557147119841688;0.45383318851535004;1.483702345128251
0.7564522327282083;0.08204247939823794;0.37197142664229016
0.7575189484246027;0.1503525052121727;0.5633560813563367
0.7586779636703809;0.582152568836149;1.4125618747194686
0.7587654393191209;0.039579130529230344;0.27338785405946087
0.7587717743616332;0.34029230522125775;1.215258272313343
0.759328062034953;0.3964599059631576;1.3647058312565623
0.7595817477535286;0.26013602963897264;0.9374164842966667
0.75971625144257;0.09983848920142557;0.41232538493629944
0.7622225307630326;0.9878066080836689;0.21892723067439393
0.7632109134020647;0.3160940507975889;1.1161671080466757
0.7640471114696767;0.024572668009169685;0.238996936576396
0.7645632963927124;0.7089496127616048;1.025809675479636
0.7651536251309788;0.7881917491311602;0.7466372822772056
0.7672931534659808;0.06881593504076045;0.32490873018711947
0.773475546755963;0.23057296062692456;0.7832316496306757
0.7761260431437068;0.1089933924039258;0.4072441422568838
0.7774147323942541;0.9802660721386134;0.21735923909349691
0.7807663507139221;0.21502535633142372;0.7077879937493543
0.7819337697401635;0.8794246120350783;0.4261832597234335
0.7827827788537376;0.5988517862799333;1.2421073966363791
0.782792134108958;0.41256292904519754;1.2633647471082907
0.7827992755914176;0.30233981556736567;0.9825066424980082
0.7839023805227998;0.748043198671752;0.8168528873651836
0.7841973503776917;0.35289410952226197;1.122373276226384
0.7860031045156944;0.9545887697570437;0.2533766537804007
0.7887248304764543;0.46008960016117695;1.2905554587028065
0.7901970213445003;0.03074814434803963;0.2230004998577864
0.7911209074946083;0.7781891972299798;0.6959946941272779
0.7922567275680231;0.2005373283177062;0.6274925776524284
0.793239124946766;0.6120450155864436;1.1576192165010184
0.7938713211692994;0.8344188830010995;0.5215974871939787
0.7945490431330356;0.9779371838878171;0.2045888203209313
0.7945582014314667;0.3100854960668853;0.9531864331155174
0.7946774265371539;0.7735735222209603;0.6985794197373785
0.7972711203074302;0.6202589394172843;1.118572147873715
0.7973728004042618;0.8375955622247067;0.5043427852638371
0.7979684130952548;0.934352866911716;0.2766868134685432
0.7997421883455093;0.5657690701131103;1.198827571408542
0.8003376379460565;0.5862647061734805;1.1659745785812805
0.8013912755754052;0.9388239942916198;0.2638132174648396
0.8025729554265721;0.8004105776296178;0.5947205710533815
0.8026431722872852;0.031041846666861717;0.21068198581993794
0.8082183199405686;0.9402614905023566;0.25260758386439264
0.8083938871593064;0.12071943933655838;0.37644903321787193
0.8085049652275804;0.43690104538481167;1.1519513410176159
0.8089376568525339;0.38964531648222867;1.0765339770737823
0.8124008761807249;0.6756434238290895;0.9113322834903957
0.8126040984998152;0.4836375636145578;1.1627632006844864
0.813187560599218;0.9997917973832154;0.15750238862874824
0.8178006345788787;0.6697034245452236;0.9015314872766929
0.8178153070364922;0.6303620330693745;0.9907480881719637
0.8178481565643467;0.5251155463130378;1.1291280813399434
0.8184788302718249;0.5661607214878542;1.0922760131044231
0.8184946403809733;0.25976713676539953;0.7128432985131138
0.8187822224931083;0.6543390641077795;0.933485769024485
0.8187857759496275;0.3629737509558345;0.9719092382486593
0.818904389946237;0.4357803346031133;1.0921172605623373
0.8213644527138493;0.9950561094661946;0.15690203518986212
0.8216752340076192;0.20631953138664694;0.5581800297250554
0.8247222822941771;0.36485901752241734;0.9465329369334791
0.8249736412785807;0.24736313963399037;0.6565513633773388
0.8258397552924687;0.22293030679601722;0.5893107576512782
0.8265312288184744;0.8032063718646113;0.5200957639949354
0.8265315733092082;0.030702158753351694;0.186337636377413
0.8289120237608679;0.19161047775460682;0.5007811605513304
0.830406785984658;0.51405157741855;1.0616060759504682
0.8305458264606229;0.8112750426648164;0.48943191931335367
0.8309104040551585;0.7582846750593538;0.6218914648809609
0.8318101971176072;0.9658229153059754;0.18600154351183718
0.8318355886553701;0.21294063289227305;0.5458386556878245
0.8323680880401011;0.9093661008772196;0.27535845754513955
0.8328234638505025;0.5786568631166931;0.999045230274936
0.8328283553495915;0.7701203770275548;0.5855485365031314
0.8354238894467073;0.605231895645497;0.9474777321871424
0.8379246890744594;0.14128723082592876;0.36486351960820623
0.8381127165954788;0.2040896192729449;0.5064378617113573
0.8388899855424918;0.3098024016775285;0.7607422071957131
0.8401510602135503;0.6366415172831762;0.8691169974072552
0.8428676727625967;0.30771622749019223;0.7396792255574551
0.8449493093122764;0.3792942499925772;0.8747933632421194
0.847000252368605;0.6587280814155752;0.7944393955044959
0.847355244020023;0.5026428297510606;0.9698735808993714
0.8487010685175639;0.6656182121847961;0.7730102555243638
0.8491161517649444;0.15706354172514336;0.3748653594805587
0.8503359966360226;0.6066469959496346;0.8709597778767963
0.8508027734209368;0.1983214069197371;0.45938399921858364
0.8508359117391129;0.3267570386907047;0.7482036871583617
0.8509207498514686;0.8807285434324613;0.29817189919401466
0.8513701436276466;0.6312519656485424;0.8263037849165392
0.8527359998207854;0.3553972350457768;0.7961644605196463
0.8529978214660484;0.9332604109085788;0.2093255236812538
0.8535998082059554;0.7104992314125209;0.6570268784326447
0.8538537062718485;0.708692791318413;0.6600700211785541
0.8540987729515999;0.5375652197279754;0.92342560700104
0.8546624896917835;0.5216695865845863;0.9274385270719903
0.8546680676202633;0.2995915700212749;0.6750880446225874
0.8554186349639467;0.9586338160230207;0.17228117295357348
0.8568644308493798;0.6434105632045918;0.7798615794249919
0.8573556379051681;0.3121135658094565;0.6912019385140032
0.8582631276553133;0.19715161445855645;0.4378647307236572
0.8585078763817976;0.4226511585727345;0.868164323237985
0.8615994461519435;0.6326011560496312;0.7772555010288682
0.8617750121812859;0.01502171704856714;0.13615394305728476
0.8637983435261732;0.563755358486194;0.8550458480144991
0.8651784852144153;0.8615911887321296;0.3078580574012069
0.8657056144973239;0.6086762804355267;0.7947740747634063
0.8658312852776675;0.1700337142275664;0.3653240261094862
0.8670505922937971;0.7187533836898906;0.5910103283911459
0.8676377899961414;0.5523093133538574;0.8449829618292282
0.8698466416232;0.01821083826515757;0.13311431326950668
0.8708700706124518;0.8377938833204941;0.3401111240777738
0.8721043205134376;0.29308297939926964;0.5972027704620975
0.8725729669230585;0.13647494663784432;0.2914237209898331
0.8732917757365136;0.3861246865361828;0.752914925008466
0.8737270858539402;0.85687319612673;0.30073324190731643
0.8738676885700309;0.13208307367291794;0.2818422814764897
0.8739036055264157;0.8067232911123208;0.392055051143668
0.874484324785921;0.5227439670387027;0.8258561075708855
0.8760828368619715;0.11562896338003237;0.25189989915395955
0.8774874425667991;0.03064611301277198;0.13979096652879106
0.8785881370627227;0.6456151185423004;0.6828020632271142
0.8785996804465067;0.34204827612995614;0.6626024675833507
0.8803320636184867;0.7862769544990394;0.4155534093795014
0.882597056517623;0.6554657334301273;0.650711330670273
0.8842824266616315;0.18912959246318217;0.36066869155953174
0.8847035315672191;0.11569806938785754;0.23912554005774433
0.8847160693640502;0.5395582060653116;0.769619694245824
0.8847754185459641;0.3795675472749831;0.6936851253783506
0.8852849017368939;0.043592125298173134;0.14670827717860133
0.8874029600565445;0.13846521607634166;0.2693897746477447
0.8908105089160249;0.133534750617467;0.25626956320134975
0.891510515967209;0.920814293598584;0.18118990938441643
0.8927206949067608;0.33701397498740515;0.5995114217140767
0.8939496988527306;0.9963947161667067;0.10247658147886454
0.8939954796054791;0.12605443201840028;0.24030888789273444
0.8940600628757163;0.6867131586626426;0.5562989561375011
0.8951292695277354;0.3576171429582221;0.6209600784004073
0.8967271614348137;0.9140791062524043;0.18339372785492727
0.897386824603643;0.3633924722219305;0.6200770191125147
0.8987905223459686;0.49963195449817177;0.7135088250021487
0.9002994771721173;0.07140529745702395;0.1625526925468719
0.9024488292390771;0.8917788876530803;0.20414303070627177
0.9046099237795026;0.02320449003923042;0.11151083319674032
0.9046936778146812;0.6095752619389088;0.6240292533725759
0.905360848636603;0.2308436752537999;0.38312701909550456
0.9084256638561571;0.9117516778765733;0.17271782573865538
0.9092972838175382;0.4667438821665666;0.6607827039817453
0.9099852259938285;0.5149448843153889;0.6624711793255613
0.9122113201930961;0.6832203175303085;0.49997798967469
0.9128643639798412;0.36774516502283816;0.5661620470630472
0.9129940190261451;0.5059731832371471;0.6504529884409702
0.9140254608097129;0.7037147894671212;0.4636512038204332
0.9162242599012775;0.8755119316324129;0.20611869087897752
0.9170184210821671;0.519521322509615;0.6315539504570644
0.9175300138529898;0.802142219082504;0.30414272174243645
0.9181857565843642;0.41423879805928865;0.5926431508666423
0.9206568826487926;0.7969847669742929;0.30528617547268516
0.9207547150786868;0.6788219445681295;0.4783642109026808
0.9214693716751173;0.4517372176267157;0.6034970277058201
0.9254668718535987;0.6648898562527581;0.4814397746915746
0.9266575458810381;0.8427713044953443;0.23188378180806074
0.9279776730402128;0.012496009065170566;0.08787072465970862
0.9330254832637845;0.4951918585381744;0.5680409071575097
0.9337518527860447;0.881515718901604;0.17642707643055572
0.9340160288201196;0.13322535008996506;0.19235035563604067
0.9342757897150208;0.46564320877990306;0.5579448541047181
0.9343808356325666;0.21863885068796352;0.29876594707638593
0.9344922237175963;0.6326817886478732;0.48851165929117735
0.9355476555742074;0.5744784071090161;0.5340431215141511
0.9367675525050079;0.15296091970745707;0.21120955439900058
0.9369757285687019;0.6786357971824768;0.4282035435887535
0.9387616660085117;0.4250307312403021;0.5218652476418356
0.9388995785134786;0.203996084918718;0.2705502025396987
0.939052432530147;0.5391558679886034;0.5381111679770395
0.9408134764820275;0.8413385180558369;0.21184161473751434
0.9421069874419815;0.31745790039699495;0.4083910956465378
0.9426367194530153;0.9767127524028727;0.08622916186185099
0.9426983896566636;0.87663009596989;0.1706833674358841
0.9433936191912182;0.09471240828788896;0.14197052512738303
0.9459575314150133;0.4134480619784483;0.4885843228269264
0.9468234129993769;0.8629817788063207;0.17968610394538645
0.9491730944627744;0.5401036878967519;0.5004705411766397
0.94948610238405;0.4058146959307263;0.4711600818922229
0.9526978796354313;0.09581430234226462;0.13376109658720592
0.9534819295454366;0.5804863580624444;0.46660152165879293
0.954147819069089;0.8640906941413885;0.16935019552218114
0.9566013147222506;0.15649684039036382;0.1869111713857164
0.9577633519062896;0.7988555727694203;0.23312421358303118
0.9596890082421036;0.008140110981065374;0.06779889229750351
0.9611182095472106;0.7857342727121203;0.24183950715829067
0.9615368406412281;0.8635221473465525;0.16095906528496354
0.9641832684784148;0.541386735813853;0.4481084081947696
0.9648733854981053;0.2361684551919302;0.25898033862424197
0.9696683308295418;0.2705500985857071;0.28616888652655886
0.9707818298015327;0.8852769874592222;0.13187781211755137
0.9708283367058318;0.13844182448931242;0.15190234380781123
0.9711755608523994;0.9650874446005215;0.07639864899125934
0.9738277765858859;0.1615264813220123;0.16899181083103426
0.9739790153130852;0.5002560622765592;0.4220895750285272
0.976343352150411;0.8340336377143635;0.1697989776092062
0.9766960689531762;0.2300829106089698;0.23083701908166085
0.9770072241973361;0.5647364234572451;0.39887710548571165
0.977928773697269;0.7963753684618566;0.20284309735319453
0.9781518464551604;0.3055352540901799;0.30214321579434805
0.978332990477617;0.7290460278153393;0.26836571908624623
0.9789319164991442;0.09816894726875769;0.11168865454733022
0.979604618601431;0.3916890738561032;0.36813589856046064
0.9819700436683255;0.45884501178556836;0.3917234422825771
0.9822806227095083;0.6587586230065214;0.32378371268973577
0.982925250373764;0.15860049106855123;0.15513621813195846
0.9852455418838001;0.4402094267112535;0.3762153603215315
0.9864099257998374;0.4979089914717223;0.383628650595372
0.9890089742951275;0.8212647683472062;0.16463654854758142
0.9951220777275734;0.5116020334858278;0.3578890787645233
0.9959147324679107;0.2875312593934648;0.24810991010723982
0.99798470022618;0.5434022209118374;0.34498012935392636
0.9981340280149656;0.010472381904956585;0.05143241135577968
0.9983141111008227;0.5923060994407552;0.32628393882726525
0.9998846524856811;0.8708387057710751;0.11480314085817843
