9.60609236477783e-06;0.011274050926065926;0.050994580196867034
0.0031787856965911354;0.8320844785789182;0.14628775046666806
0.0034461753364978254;0.35405982978712414;0.2987338556902089
0.004695545164841275;0.9776446629673124;0.05766783227501261
0.005461727222812129;0.3307244641161293;0.2861993089332977
0.006200506969828545;0.8105558596586789;0.1673694901926707
0.006334055201396738;0.3033457080186108;0.2659837269269025
0.008435127211058657;0.23728666333818949;0.21213701507868235
0.0113878562074472;0.34369472604204887;0.3101579267799085
0.014039222576074706;0.8507698348809067;0.14386683298266437
0.014785067478214953;0.7380417145014351;0.2460876630052498
0.01573235936673556;0.19743668442080542;0.1875394593662478
0.01728162597370797;0.054478811836938146;0.0806741073421981
0.017361757186087345;0.1452896187701107;0.14437208794324122
0.01749960245911708;0.6081558785782688;0.3601182008403355
0.018249718003402138;0.6698620410813475;0.3157577662664022
0.01880444971350681;0.6633590187094156;0.32265521973096467
0.018985817390918314;0.991294384989769;0.05800379283203404
0.019664183763504428;0.4558366407414015;0.39586915719299526
0.020088605184864772;0.8044463352518293;0.19218275945364255
0.020173082364857597;0.8137079485644424;0.18369826579815873
0.021244295992773332;0.14325075950670674;0.1470320480726239
0.02175022871949861;0.4904521853726701;0.4082806880851514
0.02494529426674552;0.10559066995743738;0.12061231461325582
0.02501417990039634;0.1878795586313603;0.1921394366663669
0.0255815414712941;0.887737023962151;0.12636366076900254
0.026351229229043094;0.7921006361949228;0.2138210429054628
0.0269897155854375;0.36531442692547045;0.3677618098483999
0.030677673041816678;0.958036862188556;0.08161207469061948
0.03106635503653299;0.5065747234339285;0.4383120115359678
0.032738809979589;0.5885644563071804;0.41698634432909715
0.03590037888637321;0.44717230806161656;0.44453693638720276
0.03620494712907818;0.6426680036652151;0.38714018094784636
0.036606073365763825;0.5076039476722607;0.45674850618369517
0.038355531848558666;0.21384860671885975;0.24044251930242524
0.038466135655959355;0.8485660241296561;0.17527789500749114
0.03899414711190119;0.23396528771938607;0.2640292832852653
0.040645654719754565;0.2694462173779496;0.3077153739410497
0.04082320057412281;0.3472194782597834;0.39110855948043377
0.04345985017257481;0.5679156946435608;0.463189072632652
0.04560042374545248;0.1374402737073661;0.17055173718173935
0.04656259254575679;0.4411032621818288;0.4781251265100703
0.048973750515451164;0.019189223729670468;0.07869955432119542
0.04999810429164475;0.9591826530965762;0.09328540030743024
0.05078660848841765;0.6845192551317463;0.385965011583685
0.05116218929501959;0.6449129698970273;0.42958762697447245
0.05292346066176612;0.8506501745827372;0.19244359910212702
0.05548711279582008;0.6399424403702062;0.4481205077485386
0.055772081366249115;0.1427548896913351;0.18919284419964227
0.055849137140173255;0.7605476236610147;0.30527912114789335
0.05691650930053249;0.6268867931392309;0.4654855390327119
0.057030525248993436;0.24563653297147747;0.315792421406136
0.05867413519947673;0.28753342698981066;0.37359877450019685
0.05868200006781166;0.6613857093652656;0.43528959307756615
0.059312957746990747;0.6134742462906133;0.4858088066608019
0.05956520909079288;0.1780507614054273;0.2354253779086448
0.062479072296160676;0.7375113304484759;0.3506460747293798
0.06306699955772377;0.29251126364638136;0.391807541669847
0.06384473121232948;0.3060394870137968;0.4114346268891191
0.06468165527145697;0.7929169986543699;0.2814760882577263
0.06587819687635177;0.6177972922341651;0.5045986691522479
0.06623352072355915;0.8106903604601541;0.26112835441290855
0.06702201782005301;0.05510754060171119;0.11666109026634511
0.06717079243417023;0.3369667907840259;0.45994151172628855
0.06755249220668746;0.11598284793905289;0.17532243673224593
0.06770762843164257;0.021836329630137485;0.09168230673668747
0.06811530172222624;0.8251267552048399;0.24582319016785384
0.06921229998583533;0.13083649270203823;0.1939477967588207
0.06926319859803254;0.9256831112606235;0.13544213599117522
0.06940811317405571;0.9838306562476689;0.08880608029189005
0.07024629134177995;0.14005500122702785;0.20612395617646145
0.07057834674876096;0.7305700034601119;0.38067388838219723
0.07150563655874764;0.36734910178437374;0.5091982818310457
0.07238773564742151;0.1189673803008029;0.18459460339890452
0.07285952337429913;0.6595774315143608;0.4825841875108225
0.07601861916487951;0.2092474400074712;0.30738125046646103
0.07631260594734368;0.6692999893307408;0.48158318604139994
0.07759120302584899;0.7173823100199478;0.4186322506193815
0.07936611649967051;0.3445349512336263;0.5096116535960379
0.07954906083765256;0.25902007848147;0.3890330946699218
0.07960036789742708;0.5278333146876314;0.6154677711466355
0.08022805693371426;0.752283051900784;0.37376421413659117
0.08172630124028335;0.19247267641558308;0.294788868531611
0.08200337553202086;0.011467657836149558;0.09325957325987447
0.08250112175534008;0.9664441974673273;0.11077076805878314
0.08266352669216714;0.41508940413542816;0.5967096250513668
0.08408992303249074;0.35611726192368776;0.5407729252922252
0.08498568124220318;0.756670967391678;0.37899839589496115
0.08536016994720674;0.8959677639335898;0.18359526073928306
0.08539464707011035;0.38188318872560456;0.5757499757274066
0.08686164941138552;0.5901959009645694;0.6090608353659807
0.08696499427560034;0.4342168177034108;0.6283291733933853
0.08827626996169691;0.7279052891815121;0.43303083117458047
0.09086794216773686;0.47416690609221035;0.6638231800560477
0.09225145332104911;0.7254458010565116;0.4484465245197297
0.09362942102401062;0.5354251906648412;0.6727212153105183
0.09551244693021854;0.9544836353490783;0.1317811367680366
0.09693120521747067;0.27222136445243506;0.45837446246682834
0.09695170553269028;0.7935783115051099;0.34840922176856876
0.09899010816592169;0.9142176129869117;0.1782853970942593
0.10002688509619873;0.394845469168865;0.6481869713782216
0.1001760626905912;0.024319917967029592;0.1159803945711662
0.10066829206785577;0.8179280688254904;0.31675049297565616
0.1020523601292933;0.16032197536346182;0.28500851551303924
0.1061469718461392;0.0043422210208056145;0.10314050672820192
0.10618779595750538;0.76224009053116;0.42479368233984127
0.10690086922680331;0.6614652059266056;0.6004524294192314
0.10792713478550153;0.3272903640399738;0.5864391636286067
0.10943830376001207;0.328249605129456;0.5935810937226306
0.11135916960788472;0.17655309705979327;0.3293727809952775
0.11247435778584114;0.038144964776212764;0.1390143769854582
0.11374687750502532;0.8620464117725799;0.2705114167501967
0.11430801499369991;0.6745705254502803;0.6070441538876947
0.11546418702593275;0.4176851666620244;0.7390153919692911
0.1160197928653981;0.8066763473181924;0.3689043819697996
0.11606102839870769;0.8936025607038759;0.22674137644473674
0.11711269439604943;0.2147651968953087;0.4110744251751895
0.11765221747143895;0.05044270248228688;0.15698248056519085
0.12043175453853805;0.635549068265086;0.69429858924739
0.12216151897618466;0.30944065870134174;0.6078138652561166
0.12413769823946941;0.6674633931422264;0.6571650939001813
0.12517883605154256;0.8607421068872604;0.29220650283576405
0.1275005320025776;0.22707109575195272;0.4624315802217312
0.13212791756734332;0.3731397193463504;0.758300493182394
0.132397945076686;0.02170904821613273;0.13856214038903805
0.13269846606121638;0.7241278536934952;0.5790085485113335
0.13645656089526825;0.35559949856298056;0.7487043949755362
0.13666478423801698;0.3618963900635094;0.760355620910986
0.13711628598670067;0.04357119258106823;0.1677327880316128
0.13832633167465624;0.25740733391312565;0.5584664710741304
0.13846932154321712;0.2620149252428139;0.568918003054312
0.13847663871235494;0.7164675419002782;0.615237415754061
0.13866558337490464;0.7141959064171236;0.620749338724743
0.14073042436999994;0.32703429711387766;0.7137500535714699
0.14088735248366668;0.022507186614295405;0.14646356453561912
0.14175082397229066;0.09457963823118143;0.24488820491166274
0.142906769398224;0.8194047898193848;0.40593253425304626
0.1432287821869055;0.9052753193282501;0.24719973270214374
0.14514981696066354;0.9169849565460281;0.23139034363490799
0.1459225465268683;0.2737280021665648;0.6201169283188402
0.14656300087482232;0.5192009620167712;0.9346534514916034
0.1470203891033991;0.36770967820560496;0.8170532377478834
0.14704581271972927;0.5927446332295991;0.8774685658629843
0.14775522333080882;0.2385041267687793;0.5461071159439618
0.14830242089155388;0.19680804799719331;0.4537446339630852
0.1504216607914004;0.7715466222945138;0.5310872223109995
0.15174289965523335;0.08895252427287181;0.24976554376144386
0.15257812225070444;0.8895836250765033;0.287910030801235
0.15299141161766938;0.9833130522068553;0.1499669895267601
0.15323114901199741;0.15734230696414053;0.380377237257404
0.1537995927292487;0.7917247140477585;0.4941320002938929
0.15722345819598404;0.7213402661309515;0.6722086387297811
0.15802487741052984;0.07101922350585943;0.22922292605122468
0.15869070151949582;0.6812836800583707;0.7709476371321757
0.16270832582910466;0.31202952262215433;0.7725357949222164
0.16271154297119272;0.7837301769294132;0.538257140582713
0.16338487160173065;0.33438888527072264;0.8259817236173299
0.16511084689598587;0.4145010496888013;0.9792435754539419
0.16787835318074318;0.6947326705089589;0.7779498989098491
0.16847636167074476;0.37040114965601767;0.9241151236358782
0.1688817874338151;0.6995463116487578;0.7703176215600633
0.16968922640775985;0.9764211937514827;0.1730893693167041
0.17051103300461468;0.5620798322937504;1.036009772011134
0.17136738946142038;0.07263577723863857;0.2489744702186804
0.17178085438265467;0.8202059358165528;0.4736126264330167
0.17234464539192618;0.3579417503129749;0.9179641275854771
0.17253199812665954;0.5715366066989422;1.0365412287946634
0.17275561440744236;0.36364460426580525;0.9317024276171649
0.17311205273577346;0.33222444177133625;0.8647426867976448
0.17361746745618167;0.5858767344471957;1.023787194632164
0.17417888523822822;0.3549654867259351;0.9204950875047728
0.17518824812668898;0.01158602885422444;0.16239958688120637
0.1775083158987557;0.9822503581726214;0.17242055516814928
0.17783100412846564;0.6167885382164237;0.995263512058892
0.17814305102352834;0.23118466973824137;0.6236805609305134
0.17846049730166746;0.025472345429472742;0.18381940128104354
0.1787987648720103;0.03540750606976828;0.19840999743926616
0.17959271400618715;0.21392286036556618;0.5819934916272431
0.1805288650418032;0.6240313384946998;0.9951587804912188
0.18159231147876054;0.682755667765743;0.866274829358146
0.18189425243305668;0.5006201891849156;1.1333506765469288
0.18216190567308577;0.314778594366777;0.8625065545299745
0.18374345103571288;0.3330507406021389;0.9153851036180648
0.18376575723987276;0.08470707957522794;0.2879216764621939
0.1852292801228499;0.6886804963736087;0.8669830690441354
0.18555074532428673;0.13897430125618915;0.40696363129648006
0.18688501991173545;0.4578424520387401;1.1458717018148483
0.1880283970846549;0.6622325200637703;0.9470023380436134
0.19153137666607745;0.9213578374496036;0.2874084528669113
0.19299212784568864;0.8956405820977967;0.3424701513883127
0.19368379265765212;0.23965434021811627;0.6989582996000107
0.1941457398141031;0.9162763838081293;0.3012089124485798
0.1944897940059932;0.3024567243748536;0.8832323306576914
0.19754596791286083;0.8800440210687656;0.38574315213506144
0.20074235943245333;0.5400390442041147;1.2280721374357224
0.20086903786964427;0.4181941289552099;1.1797934626332456
0.20136913853974026;0.22588819192895304;0.6839778519366815
0.20232830881457942;0.012298420625782347;0.18693796143037378
0.2023759064828452;0.27778899211337216;0.8445502779777883
0.2033638754972713;0.3523596968302958;1.058006481913992
0.20365441204564594;0.7109575763555446;0.8834869162378437
0.2049182078972176;0.19901214070684592;0.6146981233974593
0.2088489548942133;0.033881202570577584;0.22727974594671663
0.20906730642131777;0.22334192519572305;0.7013554041105614
0.2096887631553035;0.22983161185273093;0.723640235993794
0.21007892623283253;0.15743879607686218;0.508389392810684
0.21016870033760748;0.5981634344090258;1.203947473024288
0.21075608737752038;0.18780498503462462;0.597912718699102
0.2123335359201477;0.18477058754705344;0.5931778789734873
0.21576769980134702;0.7188331230250345;0.9096495770100316
0.2179868101779171;0.8798617317372079;0.4249008888558994
0.21829750205412624;0.14651498852721967;0.4967084972290618
0.222782259853734;0.11838203465498431;0.42949554094610887
0.22350674096518364;0.7705500107898632;0.769160984132753
0.22374776049720457;0.6316192480982585;1.2039408832956011
0.2239094717639888;0.16212990990780762;0.5552450313974053
0.22494969668170373;0.5457453396600992;1.3671786162874393
0.2279532643456218;0.6300017160527738;1.2305148700997184
0.22806152831781223;0.013087828558506542;0.2114936499551435
0.22849187917529834;0.20110328159560786;0.6909169795904628
0.22893870323445098;0.7524302054763362;0.8497184445316237
0.22982903648178366;0.8021145247774226;0.6842632075298539
0.23072333038052872;0.5686941225625096;1.3728394656445542
0.23386536165277516;0.38754551750436494;1.3059391079728213
0.23537046679207208;0.637718021040046;1.2495097951404177
0.2357930050006285;0.23970118022273368;0.8472369779125862
0.2377210715127288;0.296726773849771;1.0553048995074559
0.2381474493951643;0.30881072763575945;1.0982861142972062
0.24008305917695127;0.7403155026991054;0.9344892086453275
0.24163186764921496;0.4105051078066463;1.4001848106069517
0.24223756362749127;0.06584771415188295;0.3313017155460868
0.2460522206250898;0.7154887964499076;1.0484495852550657
0.24699446765444988;0.1975064541409408;0.7338860544111818
0.249629397851295;0.2980504997736767;1.112889007203649
0.25194194860804653;0.8199499099884143;0.6862630442906068
0.252696456903996;0.5941461337519247;1.4543097077797296
0.25277784115684687;0.0010445293612730833;0.21312185147386697
0.25436633822648635;0.3087795641499813;1.1729271344424104
0.2545426581833984;0.6440236578432504;1.3321240394179026
0.25514489324464895;0.9741134973770527;0.2610118689566343
0.2558128094509853;0.04472667642714201;0.30104431184035035
0.25906961309798016;0.9121874993048482;0.4111257165815593
0.25975415355901943;0.02713877714825541;0.2682556684049937
0.2614987922906561;0.012579008107979961;0.24147610871585473
0.26311197051430213;0.06574784405266743;0.3595811734719129
0.26376276153983436;0.5929355191026336;1.5206704261654231
0.26401257905920017;0.3346200931104225;1.3104715630985135
0.2651083945881123;0.09903136117440103;0.45253613209939236
0.2651130428109407;0.2430931007645739;0.9659215643145854
0.26585776571831055;0.17239628505718962;0.6959603535784226
0.2699086496131643;0.6973754185949953;1.2208153714035568
0.2705968719340952;0.9883196880514024;0.24809497376187498
0.27070058943237807;0.7147521048075981;1.1561993068774747
0.27088862313554074;0.15177575646735209;0.6342541619572566
0.27196416236443854;0.1970865118959797;0.8062642469911864
0.2723749270586814;0.9135075699752192;0.42839833874177785
0.2729597850468932;0.8273159004509321;0.7155155069594219
0.2732249651080233;0.8597778898885751;0.5991611315078929
0.27365362712059216;0.5372417227710095;1.6715555239859423
0.27640295600449694;0.10191411930349992;0.4804498645812544
0.27757081046948073;0.7074000822317774;1.215062296248739
0.2792263018306108;0.7952731060555424;0.8583818706044513
0.28067399511189495;0.9895500557231561;0.25477013493134026
0.28298904219882415;0.15222449241823355;0.6639019407492731
0.2838229997554421;0.007443400947454437;0.2515673998714375
0.28659416235008917;0.999513979852623;0.24033091686726074
0.2869505464303552;0.6734287365902031;1.392319254478935
0.28755480176865567;0.7695425822160286;0.9924509669644231
0.28791533939029723;0.10664456331123451;0.5153260010295686
0.28825564139325;0.2469655687070036;1.0658950633436
0.29025506486311137;0.7760750819547859;0.973389027778153
0.2907177939990607;0.5940831291673647;1.671140354315141
0.2910914494305863;0.9303615472522817;0.40815058368760143
0.2939082499841481;0.6501507582432955;1.5137033211204622
0.29483099580349603;0.6836511570187849;1.3883765484092696
0.2955043843465236;0.5769444791399876;1.738113584538971
0.29603873629525335;0.7761820389290482;0.9917322970890443
0.2960895322615913;0.43190983256035187;1.7594225485303532
0.2963530340389492;0.31322591575927694;1.382451667405146
0.2974639729808547;0.6562433852628476;1.5087009075342979
0.2983575895937578;0.8754627010914358;0.5955061535326
0.2983918514713555;0.7536789373881346;1.09935194491945
0.299003699457963;0.6892101888881439;1.384185096564153
0.2995162455800193;0.779153402954016;0.9898011550553858
0.3007278423615718;0.15645493716613745;0.7209761882639616
0.30157361063107524;0.4434105538472033;1.811415305599055
0.30364294822787574;0.6160867129138374;1.679429113485786
0.3036625816878158;0.6527321290777557;1.552253545204321
0.3055497504189112;0.7479167811951942;1.1508751076320154
0.30577667592443636;0.04589940392294001;0.3617764671483834
0.30669897963334736;0.6526206000700279;1.5674420129482838
0.3069940432023185;0.7591417555353979;1.1045805446025978
0.3071343159620553;0.9680767800470487;0.3277078735192247
0.30792769846344437;0.5899027150991385;1.7769839520919957
0.3088128401204976;0.6393317509898027;1.627401743038473
0.3090169313314235;0.12262618354569821;0.608734794533487
0.3100197873361551;0.16471526997166486;0.7761922882786151
0.3119497809404508;0.35543485914159867;1.6235513432714392
0.31230513893308853;0.5927260053479741;1.7933616445785414
0.3123628399319819;0.5757845315145231;1.8351086019666467
0.3129150940504507;0.9276525351148593;0.4455757705371302
0.3132906269761737;0.827370044689504;0.8174703604083506
0.31338921643148454;0.021458382018165523;0.30854312328938954
0.31367400262290535;0.8005665804189771;0.9363653788318052
0.3139519735557387;0.7889775527834729;0.9897889925375246
0.3143623760081017;0.5237887791855453;1.9241682340935942
0.31537258768176957;0.4885234732606506;1.9366500835880172
0.31758820885439365;0.5620790388404223;1.8921026178668419
0.3187199039247399;0.3606698544418232;1.6761655168864584
0.31949098883234484;0.5199286766403722;1.9559312323465357
0.3195031547666103;0.9140007295421166;0.4980304467498393
0.32056550389141225;0.4142305021521817;1.8557454860354667
0.3226862596050397;0.8729969656484727;0.650623896616919
0.32325158373145046;0.46495265986383516;1.963964444587635
0.32333959395834455;0.5259309013287264;1.973209036883648
0.3250872730948451;0.29948797705229835;1.445297797824027
0.325203986258249;0.7489031033872611;1.214898392184604
0.32606758212353526;0.7581738607497611;1.172879491298881
0.3276295453332638;0.10539910436819244;0.5777235176184204
0.3277330661395921;0.1599040346256132;0.7961102151376814
0.32899870471547865;0.13520716853057324;0.6950229813917701
0.32960600021243314;0.7171247676651338;1.3844368032035663
0.33016568865415086;0.11693988455627513;0.6250533286772426
0.33098433531759197;0.849019474856194;0.7646512327108483
0.33127373472754695;0.7884386371184853;1.0422568978909608
0.3317705975667097;0.9265491351033515;0.473667009307665
0.332382121971888;0.1832842262112695;0.9116260377017282
0.33339041148148385;0.3674715711523312;1.7720398494222596
0.3337342059343963;0.06602513999763127;0.4524326841164121
0.3337681552777596;0.38964278680692166;1.8519103542177777
0.33569551620895954;0.8269777893123756;0.8723436410340223
0.3364648761524295;0.5717428826286125;1.9730595959023631
0.33757526654744463;0.542323399297603;2.0326231327192956
0.3379052332035535;0.5198016911423581;2.05726430445381
0.3388433361678842;0.9171005014784521;0.5143544122093786
0.33922590138351405;0.2925407092534329;1.4675734330222492
0.3399704944891535;0.03485053900593915;0.3674837960264224
0.3404678339227396;0.22237812457377293;1.1213309343105342
0.3424668065340525;0.5287184522841545;2.074209264010863
0.3426398103675692;0.1045188614065673;0.5977224122981153
0.34281275536826394;0.27286933080864306;1.383120654102783
0.34322066118648487;0.10299468947709267;0.5928391495279463
0.343665259907345;0.4313579133347395;2.0167622111006405
0.3443624928923047;0.02279009024805556;0.33928765321610993
0.34442728908097087;0.31376054655596175;1.5897990691070658
0.3454388532314605;0.4764318930095177;2.094164832183268
0.3462800795209988;0.5203803384064208;2.1008673403304314
0.3468204507914864;0.21525113198087253;1.1033428419433304
0.3507685163973796;0.668874955482084;1.696218506637701
0.35341291898732896;0.017551783703723456;0.3331239040452941
0.3548102684095251;0.78575021355843;1.119459202927744
0.35510546608437443;0.24918310659819176;1.3014556073509729
0.35545581314044294;0.20174745474104738;1.0575245366380823
0.35671125183832975;0.6232196400762722;1.9136141810803142
0.3572955148017374;0.07880106521077757;0.5233665257727114
0.3575618545666496;0.24748164702877695;1.2998885173896133
0.3584052599555123;0.1372896279320005;0.7571821607035566
0.35861527395529824;0.4587479942513538;2.140802386955845
0.35865656780263533;0.2609484765112108;1.3739954498267337
0.3595780141170484;0.43237654626572064;2.0967353312594734
0.3597519210503415;0.7978130782851262;1.070166699063524
0.36450636485966537;0.4941167062333339;2.198041088425169
0.3649194162646643;0.05442621723565766;0.4495310170138646
0.3664668008230444;0.5994737261565033;2.0399036085057607
0.3666767008719405;0.31833795039987534;1.6963892760202075
0.36702079723907177;0.15163109533548158;0.8372410634970162
0.3681395693439006;0.8029630457464986;1.0632405994148988
0.37042931669001256;0.2265296571298594;1.223988676237026
0.3707969011643061;0.5377259907132197;2.202907605954017
0.37094215226347094;0.3086235141666551;1.6627361967541274
0.3719081372623636;0.25867394534465227;1.4015031457639326
0.3719738591910118;0.30102201109420756;1.6271795740863981
0.3720258888010427;0.4497034975315637;2.1890217738897846
0.3761317934093812;0.5765159316213374;2.1492683731380833
0.37653174752424357;0.822572945923568;0.9805221308077307
0.37734281649241763;0.018410156098633168;0.3530742714438356
0.37871817982623324;0.4938774137694275;2.2631044657601067
0.38019611982550117;0.5204917608599314;2.2626316892385234
0.38263516125449504;0.35468357229256886;1.9262607714178366
0.38656639069637666;0.2587911166472582;1.442417294335548
0.38733615669651067;0.061613168502057336;0.4944557634153861
0.3874961266701632;0.7824110901292947;1.2158051024316245
0.3876877839208531;0.49232065257403657;2.3009627119464695
0.38822299399478577;0.5436557782489406;2.2693926655098537
0.3901062406409832;0.18722628214179837;1.0570471998150859
0.39161957195087505;0.7080115890353694;1.6398266728650226
0.39166800455572004;0.48981532792451943;2.3163560101358596
0.39192929544887256;0.8865165668111233;0.7019570824174881
0.3924638756907941;0.6595467225850488;1.8937486134010937
0.39286304439660424;0.9824626407637674;0.36085590333221806
0.3931365228414393;0.6046660761879775;2.129129761988811
0.3931384091954;0.31647423298344146;1.7751817318795797
0.3952571683949865;0.4199233139298374;2.2158696931667663
0.39606495016317733;0.07328736809529912;0.5442330829074742
0.3962532931425812;0.8853038050196304;0.7124343190054812
0.3965895419090817;0.7913881493568441;1.1851927794134836
0.3974214993370918;0.5034195555066232;2.3406749280347534
0.39775345277214214;0.7374790115846696;1.4916853034661297
0.3988945701226235;0.17952649626622208;1.0318022799021376
0.399657179871881;0.7844564813348033;1.229783681518298
0.3998406684942304;0.3034749155960681;1.7254357925327222
0.4007500817075228;0.8483464498148644;0.8914956623922617
0.4040274573918943;0.9167843856798702;0.5894013201745422
0.40569307836184043;0.3288461310066504;1.876131824631025
0.4062253531256077;0.834596827726074;0.9692059835724356
0.40690993537135944;0.1646498072125595;0.9662888821313724
0.40694411756487836;0.3715546249311259;2.0822535875911985
0.40992631235376764;0.10403611965174797;0.6807952668091364
0.4101954745792804;0.20745855701852722;1.2038790278712315
0.4103146320403067;0.11766898701399275;0.7415207797155262
0.4110525402005012;0.43013445927545624;2.2987578245213505
0.4131732070740234;0.45343141544673193;2.3562030717886877
0.41387619037490053;0.1022585126807416;0.6769125720070273
0.4142518191652943;0.21914071376035615;1.277409427524055
0.41486133643440226;0.2252787000666907;1.3138326837932828
0.4153813937227442;0.5503629641595699;2.3564064369091313
0.4159372081327558;0.4566891953212022;2.370670023673902
0.4201590910396711;0.5674083730127032;2.3334876172125534
0.42024883032031335;0.8675869696544116;0.8210824249514169
0.4202513655790855;0.3830546466114112;2.1693404317773757
0.4218491460719124;0.3727369868574215;2.130345582699708
0.42248037340918565;0.8951436548912212;0.6959546712867712
0.42417861930789325;0.8014870746699443;1.175348797081914
0.42421533247512844;0.30798271004968647;1.8108566345194275
0.4247683318153934;0.9645307842204907;0.4330606154608431
0.425255079289948;0.15045518948130787;0.9162780924281544
0.4254085098056062;0.15864018904036703;0.958858627301769
0.426541368347943;0.6924157295316475;1.8136688588680159
0.42659748028809696;0.9849776388476718;0.3715699042996314
0.42664329507647314;0.013347570298107292;0.36678380485165507
0.42877513051728555;0.40812773456033935;2.285543140412707
0.4292835317074897;0.21636778452844607;1.285473631809168
0.42963930071196976;0.09330784480695631;0.6517583328074039
0.43261832086037977;0.27443299818229205;1.6345140644535636
0.43330621405760494;0.3130286873199617;1.8579263366835705
0.43447660860362725;0.30675070798911186;1.8250416822599012
0.4377275169557019;0.054362420127171296;0.5040629781426896
0.4399506305916212;0.5128887415309616;2.4707834446924717
0.4401032906129687;0.8260125144778002;1.0573200507658203
0.44164544679241424;0.09389221965664096;0.6623781853133357
0.445768570268935;0.8349304519725596;1.0138510600459727
0.44588824854220976;0.6911354835095399;1.857116132689459
0.44611440703757055;0.5958054818625107;2.311861111118107
0.4462871766585812;0.41949272512629066;2.36264025599205
0.4476007136593537;0.5095766432702831;2.489327210517816
0.44848274809860567;0.7988019639490299;1.2204486396987173
0.45080215162773996;0.2753387519322199;1.6679024491241172
0.45116888772083663;0.9869799146006191;0.3747261965697114
0.4523962155476021;0.6889712050780347;1.8793045020702626
0.4545236330850565;0.3312324739497675;1.99432776459498
0.45489741102671455;0.3967392390170821;2.300520564008663
0.45594010590656586;0.09132011186623412;0.6590390129330601
0.45658451946068124;0.15170004552889238;0.9504017946647362
0.45778820898665584;0.33818534411522594;2.0359959521608846
0.46025879115022317;0.3264893788846329;1.9763056356265534
0.4605596262791809;0.8449669247307452;0.970688056769949
0.461840733251365;0.2715623480510857;1.657967628501895
0.46195790655166646;0.8513802613385931;0.9374323763542114
0.46212720163919396;0.2383355985574762;1.4557056896703773
0.46223960517959917;0.7598135992541853;1.4670887950250477
0.46239279560943947;0.044158356525137665;0.47762203064422437
0.46280706094370394;0.6392793284818428;2.156432610990123
0.4629038486696698;0.24399516847792824;1.4909222231168164
0.4639040102081041;0.020189884524172363;0.3995350898138693
0.4642976644180653;0.7925061940194325;1.2712941703535423
0.4643376031579195;0.606891792585642;2.300508903530801
0.4647689752358062;0.5849679797909428;2.3798212843743283
0.46537859607494625;0.28789822161721657;1.7598440687208492
0.46588306597015783;0.3022490667982808;1.8451424472107265
0.4675201840771106;0.1266665076633413;0.8279926315663506
0.4675833176386739;0.47408879205905063;2.511634659400964
0.46877238629037754;0.31029319386522713;1.8945871776867331
0.4693221701928968;0.7665344379272021;1.4316931560659245
0.47094065594418366;0.26150349638553416;1.6046592586300703
0.47102594106048334;0.05403271006570798;0.5152521417852767
0.47134519824546206;0.5446579448698414;2.489764725351498
0.4714209643180002;0.3685394187081048;2.2032256478764456
0.47746230906154774;0.43224374413931;2.44469603482087
0.4792388728394067;0.23080374308390827;1.4212410413763066
0.47985547408346585;0.062455789378948134;0.5487599132824263
0.48305691617564495;0.36021844882904686;2.1729899030882307
0.4839668545101231;0.027785403572029854;0.4268861884618606
0.48426036087721924;0.35207227814839526;2.133297444733984
0.48481088626480595;0.8996867074595977;0.7081284816203084
0.4876592103675529;0.015293281927632685;0.3882788448309177
0.4901613199888565;0.5814350073956099;2.4130318246792095
0.4919843596813058;0.03372432664749314;0.44704036940877645
0.4927598236858921;0.6618086863006077;2.0643922783634365
0.4945713356703296;0.660565818276422;2.0714002682387456
0.49552733506722024;0.2671372369796857;1.6499600685914682
0.4956313310253532;0.7550319459698718;1.5132030448389562
0.49659637488502306;0.5667072720857681;2.4571941199726886
0.4991628181769656;0.9798156773118838;0.40370186768698396
0.49943038067398104;0.893612083627917;0.7373189452142865
0.4999729751920381;0.8442676229505858;0.9866401263054624
0.49998149911463663;0.7312515569080018;1.6601258164080024
0.5012846578587018;0.8219383919672626;1.1113148093655183
0.5014301076587966;0.012920442958358258;0.3816403275092947
0.5019132311059391;0.730501355494205;1.664684095713897
0.5025454998679776;0.5252842001088932;2.5333574873845914
0.5026439213480484;0.2628523019334452;1.6237584413800203
0.5035509246232233;0.1233319852428415;0.8183873156519836
0.5039305391280451;0.17053199528919705;1.0684347571655968
0.5040844869292868;0.915487674884515;0.6398881571935069
0.504233542790292;0.7581702465284975;1.4938448957468626
0.5052305997724231;0.18533858706955442;1.1530358621467578
0.5074753771642626;0.4986124089028653;2.5453017338591972
0.5079361224311084;0.5466283809178377;2.5013088934863754
0.5111393226910991;0.3195839348723347;1.9607348516774725
0.5131105643530325;0.3994853429209314;2.345529064586492
0.5146899774375857;0.037126074057765024;0.45793277816577016
0.5156169257203;0.7016808831857748;1.8355774519943164
0.5157004141299831;0.6870291680018675;1.9211046407676573
0.518896260656952;0.083145449798947;0.6323662003603423
0.5205016093803574;0.9036413431105705;0.6893118188933343
0.5209293617432854;0.65488483451745;2.0944539073769457
0.5219109879386704;0.09529756701868153;0.6842707889695341
0.5222371978677549;0.2567869854410323;1.5801742858753187
0.5244997053026818;0.311328760477132;1.9062445042753355
0.5247646929384069;0.6758111705282205;1.9788755794699715
0.5252731505213615;0.3554450112416613;2.1434842099160023
0.5253818003150619;0.8246756274003803;1.0900719086569155
0.5260369256753645;0.37257685199075496;2.224194916040989
0.5267047576389509;0.936334780916606;0.5520603962939105
0.5270735367612006;0.17311274699720258;1.0768128736240112
0.5274150199310497;0.9265358228896817;0.5905130897391954
0.5287767975547318;0.12243226965971876;0.8086635722304578
0.5292976714253337;0.36632892293077535;2.192190281702123
0.5303562080370716;0.6349786507500204;2.184934326628562
0.5306515865550648;0.6049070574049663;2.3144025401409234
0.5312837922580114;0.13894907204939577;0.8904930952915365
0.5329239021248158;0.47966584827911896;2.5161550621685747
0.5343199425071083;0.5406305721240632;2.489500383312766
0.5353494347080413;0.9351344094929682;0.5543158440688232
0.5362085347678173;0.09027599398194242;0.6578575259921617
0.5368400928470721;0.029767921219335136;0.429518035317874
0.5392330563135319;0.3915385339657089;2.2893929091717062
0.5431495458546245;0.8828054761462324;0.776853360873639
0.5435942644970567;0.8864692063276485;0.7592990280213676
0.543629752289141;0.8375063462225264;1.0082326470141632
0.5448760705598398;0.47327910647249516;2.4915094034687217
0.5454254324898097;0.3772269278218573;2.220246173008093
0.5461700289556245;0.98026501974041;0.39551062387570773
0.5473186874840111;0.03503803543369066;0.4436506557607275
0.5474336368978611;0.770333479572749;1.3938511605212527
0.5475233528128308;0.9727906073117217;0.4182801885121916
0.5480036936289167;0.6195197505208978;2.229989892382075
0.5485664110575207;0.2351206489055232;1.4255440359516633
0.5502653974044591;0.550419099483086;2.4452860004352996
0.5503962539007478;0.9666365403790212;0.43709536114799424
0.5506786803767368;0.4194032595215861;2.368361462635189
0.5507915507184665;0.49046805995045417;2.492650344488674
0.5524341622132499;0.3916967029041444;2.2679585089847394
0.5573112860960495;0.7281056698672225;1.6358743216362612
0.5603946298246731;0.886175728220763;0.750120079552394
0.5635750947693701;0.4197279659235448;2.341586096550675
0.564705443688037;0.5886174193029062;2.3126473892291024
0.5648564708850826;0.29637294801708647;1.767116197452797
0.5670854498130493;0.6817607567973029;1.8859133012790013
0.5675725143365898;0.19896642027081357;1.1891200374816717
0.5695516558445181;0.25148431353208744;1.4947094226336672
0.5698145254599196;0.5223608600839283;2.439319355189467
0.5709468059278908;0.9789241458529103;0.3904315402280055
0.5716022455328246;0.06756160527828559;0.5475359712544877
0.5721072693238892;0.012005825407977233;0.3634947133083374
0.5750539368281079;0.3181966850357911;1.868670743415915
0.5766466697906741;0.3173404906237053;1.8604120379765179
0.5800259310170256;0.8762685450840587;0.7794664082307308
0.5817575397360658;0.23274353216682964;1.3631921745983078
0.5822845750975739;0.7873554088263812;1.2460276331213538
0.5826542924376492;0.16057355946024365;0.9592297417351372
0.5842564127527662;0.07914121490445825;0.583297212063942
0.5844053897336907;0.7938080686608788;1.2057864957747253
0.5860831025249393;0.6802859480778122;1.850405986013464
0.5868772520544407;0.00898129379541679;0.3483789139703911
0.5868834113809912;0.37695375558737243;2.1237827449274302
0.5890513706241064;0.8647898168321615;0.8242326878531883
0.5900683098713889;0.9726959168751026;0.3994294255381143
0.5918345253493722;0.04505772167108513;0.454509348223527
0.5927977224088233;0.3447852237374295;1.9602799670912585
0.5937758262461315;0.5886959365108456;2.22871382255896
0.5949549505134805;0.7996625431326919;1.1551139495890597
0.5956787507044927;0.0653697890626499;0.5221757338154707
0.5964550779346434;0.5314284625282366;2.3452242194566235
0.5975445623760892;0.4254213585703207;2.2571350510528494
0.5987650107931206;0.3684659457508538;2.050873454059346
0.5993668835201544;0.2904744925076097;1.6561803038734917
0.5997731501514953;0.477651373044082;2.342171557106736
0.6009030598102636;0.9699491479887756;0.4010948373311174
0.6044231642579104;0.6531455867536928;1.934501193327386
0.6072395599910518;0.8145546915425419;1.0524826882729992
0.6075454071986626;0.39965809641882455;2.141776356918606
0.6128787619979115;0.2036772303485873;1.1391943089837917
0.6132720131149123;0.385691270655769;2.069972618382516
0.6148186372565054;0.1901693154806301;1.0632015386259621
0.6155119809744386;0.4407964605952872;2.225378561657835
0.6183352534046272;0.8133971985394057;1.0376342536141048
0.6184036767560358;0.05061964531225216;0.45249190072227846
0.6196577473154812;0.6211052102666453;2.0194719538601054
0.6198174233794966;0.9793604057212251;0.36116178891122275
0.6205726221198281;0.6279643895719637;1.9885595217422658
0.6214371289010865;0.6636015883178833;1.8268844105132644
0.622006753377533;0.8317160045787023;0.93738838082737
0.6225130301561188;0.18469193735203948;1.0194698327963068
0.6226212699310476;0.08460870082610505;0.567805923674051
0.6254963766243409;0.961389916885888;0.40888214775174053
0.6256241896257424;0.7793743248567925;1.2020880093958286
0.6295949473380439;0.7013329517442982;1.6097408336674022
0.6300065031142945;0.15524271814552681;0.859536027591558
0.6302668926747592;0.2783937335975767;1.500924498734194
0.631146169322451;0.9218099860372597;0.5345809016054485
0.6333703281646422;0.9143810735972063;0.5591805374780017
0.6339369124878316;0.37010924584748517;1.9275042271016316
0.6339849467150301;0.2788894824376621;1.491790446406436
0.6349654393500302;0.2421024774505416;1.2929122605038148
0.6351895669084763;0.9724493293316215;0.3689238420084641
0.6352472220941452;0.1398874867426665;0.7795246170027319
0.6373917246601553;0.3870498654177563;1.9771134047316954
0.6374106955567208;0.9540135735138457;0.42089640785711413
0.6378409705277669;0.813063106220458;0.9986434437263695
0.6378638042349807;0.42967765447710615;2.1024395678313548
0.6380753474617684;0.7512286344457803;1.3195181460626275
0.6385140643093954;0.8216779771149982;0.9544774319431263
0.639319559463841;0.6776753296022998;1.6936466014068576
0.6399764226645883;0.14539972355700115;0.7961510229472997
0.642698847383794;0.11962222541906975;0.6799812575026101
0.6428863949766151;0.08632509932789356;0.5501106128555947
0.6431849633611463;0.34390762040789735;1.7785128511822397
0.6459555851412858;0.8057727875627445;1.0164451696000656
0.6464043571326117;0.6630187591314224;1.73435717929907
0.6469930731483536;0.0335336371110837;0.3757350665249056
0.6470551462543398;0.043141233354192954;0.4033101000995003
0.6478633024123482;0.7487812540683585;1.3029961028355594
0.6482213536781363;0.5789739775757022;2.032080175262819
0.6491619647612683;0.6074382416284331;1.9432727103844434
0.6494664085235761;0.9881733102076113;0.3164736013993425
0.6500266301929768;0.2245243187968884;1.1589946290462623
0.6501025010140082;0.025047399919615687;0.34987679203170746
0.6503247183282713;0.8107179756555172;0.9817350683508389
0.6515953262230444;0.14470357727039396;0.7718061421724968
0.652011440028376;0.17568652238670912;0.9124864696113693
0.6532021421902509;0.9470274238694354;0.426678849907407
0.6537666303241509;0.3373396229581641;1.7055558288680557
0.6562354983712412;0.42674078781631775;2.006717115320493
0.6611384384429798;0.3688826458170207;1.8030015439365357
0.6615879626000071;0.8429727472572915;0.8063671296673618
0.6620776511667241;0.0016968452998624706;0.2831184447810141
0.6622423749515106;0.03726815337039524;0.3720097761464345
0.6653763631954053;0.5751276416341987;1.9557301921026486
0.6672321544029101;0.7427991128562351;1.270445510303019
0.6675418730064033;0.5671866425168318;1.9621426456103008
0.669551543268091;0.5761075799021284;1.9316816397715777
0.6701739967027356;0.4219731315566513;1.9238581155498982
0.6711353082890653;0.11253211000210439;0.6061440466900733
0.6714476539027905;0.7257614269213932;1.3388506158445532
0.672208541043177;0.975240361290502;0.32976935107373806
0.6727617222635865;0.16313183200622916;0.8090435378773413
0.6728369008510717;0.9907680479968354;0.29197260079420867
0.6733800915434476;0.9981851608345956;0.2749183239838983
0.6763943579124923;0.408236056834276;1.8560061161183659
0.6789962637783132;0.36354305074580173;1.6979648116415789
0.6799062274291976;0.9281183919680013;0.4536173808001004
0.6814936422672757;0.10804533446607001;0.5724467503849976
0.6817728768543811;0.2637512826678634;1.2509121112522843
0.6820181544365159;0.6889538699958649;1.4682016251349994
0.6820295677498409;0.9554826760727337;0.3715461493903809
0.6826433426876308;0.6392099257713142;1.6699734086528162
0.6830280367105592;0.44953411144020605;1.9085487009328648
0.6832095527840955;0.49439946716640315;1.9463090930746925
0.6835254826155498;0.9165993410096743;0.48520623396289053
0.6836352793175637;0.4619450851444903;1.9219704138145035
0.6837592202532897;0.6070604676344907;1.773360790206498
0.6872547963044832;0.4459828003019243;1.879214598903463
0.687434407813381;0.9768024428709807;0.31190202645772275
0.6876863329415109;0.9373024634676885;0.41604361636192105
0.6885905748312433;0.18308238872416938;0.8578605153902801
0.6897725785663097;0.21706317034746325;1.0061957212030403
0.6913984078772044;0.11086107258119415;0.5656453500793714
0.6915503026789074;0.46183694604667846;1.8767248539931967
0.6918823015429071;0.2166952613916816;0.9980703794399534
0.6929331306924489;0.3244520804868014;1.4775562433176015
0.6948919426474554;0.13110131446069606;0.6326479199546687
0.697446287573951;0.5841850425741658;1.761444820241556
0.6988723903988665;0.4904003261978488;1.854421160728368
0.6990119651367196;0.6224838356763923;1.6451757833272336
0.7004001303986195;0.6895990964423139;1.3852039965849463
0.7008459437669935;0.7356627163396624;1.1825860210693278
0.7020153363323673;0.5560193813608306;1.7916280259800612
0.7034192928064009;0.12569439846096964;0.5962107420311759
0.7055762025996125;0.9472001389911404;0.3666730649027187
0.705727940229192;0.5891794201083889;1.7031781759120452
0.7059050083220154;0.57759474411137;1.7286990332376673
0.7060592590585583;0.8003994326461132;0.8808303444184048
0.7062362679426165;0.34277435853341687;1.486887860572073
0.7062666617902873;0.8158432372910857;0.8156977193362211
0.7072941848154319;0.6449850542248345;1.5261974205747018
0.7075595950858079;0.42206593771077516;1.718538168147318
0.7086103113350354;0.9245586746943475;0.4250982389927445
0.7088204643534198;0.2991654156552195;1.3010706767753875
0.7089327496522905;0.9576474326445047;0.33620275078992806
0.7094734103257149;0.9329002377504217;0.4002995456562308
0.7110185571146797;0.8317067410011042;0.7395200443326556
0.7122469632514647;0.12053230575864948;0.5612188294321223
0.7123525416850638;0.8090209713977203;0.8269683579307711
0.7160034527013098;0.763769064268574;1.0048705920374523
0.7178193521135079;0.013347372399814872;0.2619774768829188
0.7214645645516473;0.19114923101918624;0.8019001733570572
0.7228345139055329;0.305786543996735;1.265818513510229
0.7234113754094413;0.07003854379846586;0.38925356252891763
0.7234342309482655;0.7550510022865987;1.0150325705753542
0.7236660682263438;0.37319894864969017;1.5006097450870182
0.7250232856285134;0.002712270583170473;0.23486770908822077
0.727587063302926;0.6777325632229363;1.30686844124016
0.7278670372719778;0.38289162210294503;1.50622961573028
0.7280575499207877;0.1440350264646998;0.6095350583586769
0.7280719266746231;0.014823077707240784;0.2554838855785731
0.7286962966854496;0.8259024919552925;0.7164808299420483
0.7312094129124381;0.5331803398354634;1.6458250938251513
0.7327017015555688;0.35436066286780266;1.3935082223337558
0.7342486558497882;0.5166607249815799;1.6380582650317117
0.7343722453545314;0.15356460605483657;0.6282161418970356
0.7354157131922691;0.772271603267887;0.9032938024308687
0.7365804020690314;0.04864249673636856;0.318912214624482
0.7370751640034481;0.522727640578749;1.61759782316165
0.7381700782311775;0.2633236803367245;1.0333297180942989
0.7389331838395767;0.688052239801522;1.215420328025025
0.7406059506175302;0.4106452845350338;1.5033677326947998
0.7408275280093266;0.8068751626355418;0.7537832239622506
0.7409880359938114;0.3052688989179393;1.1814567064026478
0.7417438329501719;0.45183554899877965;1.566168976419719
0.7419205087129714;0.06544638301316275;0.35197772988845416
0.7442316686515855;0.658415034583959;1.2927299293066703
0.7453709982730699;0.5819026140081659;1.4909178485340755
0.7462939621129543;0.13523953686701562;0.5406540686848503
0.749118501379287;0.6968631620723987;1.1367696473277897
0.7499457230076155;0.22333200853757929;0.8374173725710418
0.750699472786908;0.061545332904407335;0.33086987420261554
0.7513813523357448;0.02694284369768729;0.2563802452226534
0.752892117874708;0.27943618095755973;1.0344698604853972
0.7536994159542815;0.11694659157434972;0.4704644865374368
0.754282215271027;0.9523436338890212;0.2953831330620265
0.7549700900299408;0.1206870201247664;0.47883796701045106
0.7558294672392806;0.1804644551007527;0.6665088972331122
0.760010402189888;0.05057422381185428;0.29464034245486326
0.7615838391537132;0.7578626432394744;0.8653317447367765
0.7623878816691111;0.9879814849507108;0.21847690128410516
0.7631355591803769;0.639181092816013;1.253347614240248
0.7634473969592986;0.6492855742220407;1.2228521360605633
0.7635477285935097;0.2684804515061343;0.9514596529009697
0.7642589615889287;0.7822363989026215;0.7701193213603966
0.7668459671244237;0.9134272205346896;0.36702730286528246
0.768126830880708;0.6472474174188324;1.204568318479898
0.7689635395850646;0.811656541660936;0.6563521442160593
0.7694468856629733;0.08542086498112478;0.36019554614694443
0.7713689111889199;0.8972357399114563;0.3998015834363736
0.7721759873330013;0.38150247202157916;1.2582730657138055
0.7727725181955405;0.40900357451241554;1.3142025906518608
0.7731052617769443;0.8013424496495339;0.6781149979439399
0.7738302280595373;0.1338517394198514;0.4782275162227515
0.7738712300258458;0.20712357475273058;0.7036003610434665
0.7759034697982419;0.058597505661265425;0.2914288348184225
0.7761440438829258;0.6183882653476319;1.2368169965032902
0.7779140690676307;0.869985801224389;0.4591886609583496
0.7779366873838989;0.7334001309236647;0.8877334671564052
0.77809254527838;0.3947630842476044;1.2553689060318505
0.7784921098233664;0.6112196785980345;1.2402218547070432
0.7785793807952911;0.1940356554790298;0.6472300028738542
0.7789641316460777;0.9293647457927517;0.3126443746646768
0.7790195068859735;0.7648047189878948;0.779520930593053
0.7812970054467543;0.485903463838546;1.3499909854585541
0.7813610228212018;0.4285697467854982;1.2976840892199315
0.7813766746907242;0.8149986638654069;0.6111185731608033
0.7829877252405314;0.7062281365999025;0.9548651813122689
0.7842179989225253;0.5979346216210543;1.2358304430684883
0.7845281716779862;0.06792720973452748;0.29926262198624515
0.7854901983315885;0.8087074248444144;0.6189518697609754
0.786462568035511;0.07572869536805371;0.31291493869728687
0.7873899620752757;0.8173059085592992;0.5877247320693523
0.7885319468094406;0.6138137830534004;1.1794846001053534
0.7896624641202534;0.2598415717480521;0.8204259237115338
0.7921250744794617;0.5836176813896672;1.2166240483818411
0.7924984489296859;0.09179791870755238;0.3386586542333015
0.7931237303227437;0.7437447424016158;0.7961620686873986
0.7942950228904873;0.6298581976904163;1.1128563070560784
0.7958639663385398;0.2902622990563667;0.8891481029341276
0.7960105971546133;0.8844014798279424;0.38736707753815197
0.796852147557362;0.7625922082484489;0.7247740941874177
0.7981271466797162;0.5890084697023682;1.1738550296902521
0.798958579870189;0.39900553973929087;1.148093508502502
0.7999574075108291;0.6616096417201355;1.0059925588594594
0.8004020505315814;0.17244055085572396;0.5243577903436043
0.8007577220414325;0.18865277532143088;0.568686048276234
0.801081991078943;0.646574757414429;1.0383526396119018
0.8011591328126164;0.003830120970368056;0.17198649525141366
0.8027648499978398;0.1287777484696655;0.4061354884839634
0.8070805486765336;0.8264032109759301;0.5106920561600266
0.8073554627726609;0.4723858865813195;1.1887142939386266
0.8075973600701708;0.22636845855615406;0.6562514895226024
0.808409133376808;0.43240772860375787;1.1470946865343594
0.8090411666291643;0.841406264196875;0.4668226847742594
0.8092037781703894;0.15977502826320888;0.4694617718330235
0.8096565250361857;0.5943420042496864;1.101211610494528
0.8098181545710867;0.039107689799064205;0.2159819524625055
0.8124649710387712;0.9826851613547525;0.18082186038640435
0.8126740955278515;0.7048453379148149;0.8326832476884507
0.8140333922834684;0.31891419669486987;0.8899761083281551
0.8151616942630624;0.6498141397100808;0.9613106126549631
0.8152876069264307;0.7065807450385162;0.817141194322189
0.8172599313960399;0.903136571097025;0.3101584396657622
0.8182316278602619;0.8648474901866892;0.3904837887305246
0.8183773076090186;0.8675243105037835;0.3841223433502632
0.8186311109803929;0.6498842056623616;0.9443892808074082
0.8189225345315133;0.21433795518970356;0.5875444130224207
0.8192449234489733;0.7513127942949589;0.6798440278272266
0.8194647092829225;0.7210415762401946;0.761378269674207
0.8195034344995218;0.4713647121657655;1.1179450920828748
0.8195876480636252;0.6705115368553894;0.8913911594373529
0.8199683880098628;0.11691101898985357;0.3470161918452315
0.8204550913036562;0.09698223663094996;0.305377485813694
0.822896838367133;0.2953017739279542;0.7908885647845803
0.8238229359747401;0.6095908012179714;0.9997401889879834
0.8241958471425347;0.5957259045746706;1.0207937255018247
0.82481983041433;0.4292609998974759;1.0519191196555864
0.825693208617682;0.19425801274059495;0.5159619918217871
0.8265386479157475;0.4945584351826533;1.0848642480369377
0.8268037499708603;0.7049078488406327;0.7744581276837479
0.8272505883438946;0.5035312773611625;1.0809803013797612
0.827464276775535;0.9465660074892926;0.21903565437712927
0.828388253661106;0.05017720814132187;0.21294455380915528
0.8286813011665035;0.392515209442694;0.9782760709259148
0.8292172480928008;0.1353375660328069;0.36928379378931714
0.8311554075995518;0.6599467675085763;0.8630666817344168
0.8321449491636084;0.4265040246487495;1.0089762981390253
0.832300624652641;0.43591329157155;1.018636700440473
0.8323694866550042;0.39110278206256555;0.9570372332772823
0.8335797112157326;0.517858556971628;1.04284946995586
0.8353303271782834;0.27254967798463814;0.6847311752393295
0.8355779989516864;0.14688733636211238;0.3814797471883153
0.835687092572379;0.8616754307360778;0.3630379608966122
0.8360625410439788;0.15374100964215232;0.39536143650351374
0.8360733511783558;0.5989573928219721;0.9539049478257691
0.8369766663097407;0.672575882220289;0.8089857193857197
0.8370162569456079;0.9595432782129368;0.18949963129390904
0.8373849170903639;0.5689114307009098;0.986188974870289
0.8377831349668832;0.343331330432715;0.8399369155456359
0.8380340393644997;0.2291112370810564;0.5675251500565762
0.8388092476942236;0.3312623511242587;0.8094492928284838
0.838939824800475;0.8778200963587552;0.3242260943274419
0.8389753902169453;0.48482676641534606;1.0137287032235947
0.839417367723065;0.18529567977473949;0.4587581961006292
0.8413170555600106;0.32978836756406116;0.7952943334982893
0.8413258578024209;0.39320140156376693;0.9152458156258751
0.841345071778002;0.8934678468212339;0.29055697915796225
0.843096600427821;0.9600206625711913;0.1826903488877319
0.8434055043037395;0.4887007608770989;0.9903187185882686
0.843446212643532;0.9669325241164819;0.17322939006966342
0.8443986563015736;0.192813608577027;0.46343939739947426
0.8445949929415152;0.7483293052636067;0.6013407290292897
0.8450568888608855;0.08954919530061078;0.2552373707308106
0.8452102454827076;0.22621906597361907;0.5388612019398592
0.8456230869528895;0.8763567653402451;0.31534556535406233
0.8459619534701127;0.6846932968792983;0.7440116084930174
0.8460676275039506;0.3919753405768346;0.8898117255439983
0.8472475881288393;0.8935418195067274;0.28113037382247497
0.849105666539411;0.09458195098984468;0.2578965273844717
0.8502223785869444;0.40944564286112206;0.8939237550281504
0.8511320171018475;0.20060259248852907;0.46359296023096547
0.8529454907779034;0.5309580329825312;0.9328417578045504
0.8533160405867743;0.47452066733195297;0.9331962926205509
0.8550129909800659;0.9929920561961997;0.13293546766102157
0.855315025596019;0.10267648018129039;0.26231575773040616
0.8562128147815595;0.21399489574569408;0.4796108386346539
0.8566639841449128;0.8788259236461906;0.29199033742558045
0.8573789411595981;0.3185444525848996;0.7043675786327898
0.8574990003331435;0.9904289655126088;0.1337347139725257
0.8577153327350489;0.9959724614726811;0.12785226278235723
0.8588041250408717;0.2519663440167541;0.555783137467264
0.8598249016613283;0.32385333148611484;0.7051806882325715
0.860267941791575;0.995613681927158;0.12635048116816316
0.8624663496094994;0.21561606965473312;0.46610845323410094
0.8655794874125945;0.2680434953407481;0.5684136902066894
0.8665894229970732;0.07985409649282993;0.2117028948848294
0.8673965392358681;0.9782390789988706;0.13878476294856373
0.8686381900293502;0.5319751027645673;0.8516151782309206
0.8697610151559365;0.7923141154327866;0.43056613317746045
0.8700959258663705;0.4591201844307812;0.8399393656665559
0.8714062196153683;0.10357648827442012;0.24025803457955675
0.8716748328052487;0.4210851715909938;0.8023212453328341
0.8719928129005009;0.025848381801030773;0.13933479798980472
0.8729483806595945;0.10326345534591186;0.2375893803058457
0.8744009832577426;0.3466437724299325;0.6873977590836016
0.8753652125672113;0.27295212318508244;0.5461363585168822
0.8753657681311046;0.6916484750452047;0.6148867791026428
0.8755708028115544;0.07827014265205978;0.19857977941374283
0.8759646863535263;0.1300029515567841;0.2749223914367693
0.8769377366521134;0.9266674738438256;0.1904613735371746
0.8779142109687679;0.30718277187735155;0.6033430016563778
0.8787504961969809;0.443957384555312;0.7881790066742141
0.8807364688307003;0.5781484250975262;0.7604629970768749
0.8809129870509103;0.10686166600135494;0.23165456263345555
0.8832543356279033;0.3874984580786712;0.7106237269943911
0.8863458216133806;0.10586956630142985;0.2226613024195642
0.8866132847239325;0.43675973486461117;0.7459910705329809
0.8870812338735322;0.16832697939593277;0.31854251178682885
0.8911186585298614;0.4083714940756231;0.700300990901423
0.8926466894370115;0.012159646071830177;0.11051926676683135
0.8957360416116196;0.204210522394211;0.3612894715524008
0.897705201585262;0.027562015337381562;0.12048560931800609
0.8988997870270012;0.4869150185760297;0.7120362906877795
0.9005067520095915;0.46406944098216885;0.6984709767424272
0.902791995495123;0.17586883828104805;0.30007958468391877
0.9032560885699855;0.005724904723484636;0.09820726483143916
0.9080281039936748;0.871764696576262;0.22249386955383155
0.9080634761714298;0.6368914050997007;0.5784930170708024
0.9081326975197045;0.9956343982082498;0.09412850197793865
0.9090522560893837;0.12425175232377683;0.21580667506482587
0.9139161533540939;0.0987220901248751;0.17833478370552158
0.9144871346446124;0.2727605235673255;0.426225274266883
0.9146060356990436;0.07355010248097482;0.1502657653486481
0.9146810986735323;0.6470507689599276;0.5412017862473967
0.9148806415304691;0.9098862057740399;0.16757076633209914
0.916519356672327;0.8017764655671675;0.30674220067304714
0.9165781669166653;0.2379593605272563;0.36681058869123584
0.916823955258586;0.9622118399047156;0.11482520066795529
0.9174782840949663;0.3547527625802782;0.5334620389413425
0.9177049735970991;0.8426066054574828;0.24656190213734555
0.9181937062754464;0.3516028706997585;0.5270025900256682
0.9182134504237717;0.13866241170504268;0.2211250087767262
0.9182750131073268;0.7821299521120371;0.33230611028975965
0.9191830490363181;0.8114457592500233;0.2873680557519664
0.9199225215498588;0.10396413679605121;0.17715628381914697
0.9206067509591612;0.20271801392438105;0.30495797774584193
0.9207819692171862;0.5856742905806616;0.5824751580082095
0.9249301463633427;0.1280640954943396;0.1985917805949117
0.9270842576398746;0.8744681364413055;0.19276043493864664
0.9347048190162123;0.9187419854045811;0.13809776753009936
0.9347695036385733;0.6071436943700188;0.5120552833550743
0.9361006824228396;0.8660919896957875;0.1903395788038713
0.9361874072234702;0.5296512046382358;0.551894966205124
0.939557642663246;0.17567502338537377;0.23399179283188198
0.9406486329677227;0.005767530191888914;0.07632276986188026
0.9407963537486379;0.7826462800978443;0.28399146183915114
0.9423111181336674;0.0978157539230824;0.145960580791674
0.9432401525333418;0.19734901108088565;0.2541669421090452
0.9472764726239006;0.5984132374975895;0.47558026480479404
0.9478433821202268;0.24846538755092185;0.3085241386373493
0.9504846317412989;0.9376107565979959;0.10852171736634701
0.950512751906973;0.8994534707039503;0.1400876664700848
0.9530687867132509;0.1459106307687017;0.18077661172117185
0.9539860887068292;0.16387913124902287;0.19830813881404383
0.9545499341653415;0.004392385324807679;0.06834213805959957
0.9546072230872982;0.9453403479577225;0.09973342857495837
0.9549603210474098;0.21537939699427078;0.25429237399333937
0.9550431812596988;0.10682331129397304;0.14106902251579934
0.9566559576756425;0.11888526335381;0.15023520291281448
0.959411451396879;0.8855658390400529;0.14326667468935628
0.9597390402157063;0.203615079425163;0.23248713376980604
0.9607630702941503;0.7104352449147713;0.3269417893460963
0.9612589288567459;0.7799157897211217;0.24803397792202994
0.9631962261733017;0.7954284141615687;0.22765638301988889
0.9633123748960468;0.32213788162286283;0.35500100332152207
0.963414621112615;0.2767404142291493;0.3066427242460512
0.9657442464964819;0.9295392957057338;0.10262619963582766
0.9666143561216759;0.24191441813703973;0.2618495063744522
0.9668766552873148;0.7682998626104718;0.25033447272408815
0.9683769208246804;0.4198271583655758;0.4182293385295809
0.968605325179731;0.4148769548528187;0.41478979174901565
0.9691972189075797;0.024791334937574794;0.07185947603321438
0.9708133405419626;0.7749307604180199;0.23614592437426035
0.9710400152925636;0.3311476320276836;0.3435554033701194
0.9724596255363367;0.9897475200677877;0.06267114193176178
0.9735053226199466;0.8297781660373729;0.17746608141887177
0.9757976194122776;0.5137413799588928;0.415669026208574
0.9767314759653598;0.24418626145622546;0.24487757279687664
0.9770866795729162;0.9648461004776231;0.07317970724986528
0.9802738884592663;0.9311244107966852;0.09094153346604625
0.980568825076036;0.5432960791692946;0.395400575396341
0.9814740867974177;0.8249942786382345;0.1712215471951338
0.9823906684147101;0.7042638593767437;0.2834600185114211
0.9825771720489365;0.9884916262671738;0.05858206358045243
0.9826402943833259;0.4493002218106257;0.38697882069487033
0.9838595472371433;0.6356380804177548;0.3377564022729315
0.9844274014664383;0.08812209502174517;0.10027941179093997
0.9850956584746348;0.9072213666761811;0.10285195457227461
0.9857102482537424;0.6924136192396115;0.28685227609031966
0.9857819556316599;0.09646908736194937;0.10478351792789135
0.9875510478882638;0.8396301952762675;0.15111322406660893
0.9884461634077939;0.03794675288799143;0.06843497833574008
0.9887294324815068;0.9464304226952668;0.0764941518083049
0.9904381485707083;0.09423788324216709;0.09959252893242483
0.9909814743962503;0.7031261332130287;0.2661027896137767
0.9924402764513937;0.6484845721080189;0.30677242394289783
0.9924482506037179;0.21102941528191288;0.18761513456521633
0.9925608401425428;0.04543562582464522;0.07000084565217168
0.9928005755080965;0.9670284082521712;0.06373433345599405
0.9933099005427678;0.7425535582449115;0.2270049542393753
0.9943090952145545;0.5825753493860293;0.34144464607217995
0.9943234279880191;0.4883337184723259;0.36015442800560893
0.9965794033089209;0.3184838325847431;0.27209551213749295
0.9976048545045914;0.6911355092615051;0.2622556894492288
